File_Name,PSNR_dB,SSIM,LPIPS
000000.png,31.4481,0.9008,0.2564
000001.png,31.5,0.8899,0.3328
000002.png,32.2541,0.9013,0.3323
000003.png,32.9672,0.911,0.3253
000004.png,21.0117,0.6642,0.4072
000005.png,28.2605,0.7004,0.4683
000006.png,28.3412,0.6939,0.475
000007.png,28.1796,0.7001,0.4539
000008.png,21.7987,0.7715,0.3996
000009.png,23.7452,0.7773,0.3648
000010.png,24.4074,0.7631,0.3899
000011.png,24.0069,0.7995,0.3452
000012.png,30.4714,0.778,0.4536
000013.png,24.4265,0.8748,0.4756
000014.png,25.6451,0.9019,0.4496
000015.png,24.1437,0.8851,0.4457
000016.png,27.9466,0.8103,0.3619
000017.png,23.7737,0.9001,0.2401
000018.png,23.8712,0.8974,0.2386
000019.png,23.7344,0.8989,0.2319
000020.png,31.7973,0.8552,0.3762
000021.png,31.4117,0.8837,0.3919
000022.png,31.2665,0.8748,0.3992
000023.png,31.7138,0.8853,0.3863
000024.png,19.4625,0.6739,0.4899
000025.png,22.6121,0.7749,0.3977
000026.png,22.7502,0.7762,0.4012
000027.png,22.527,0.7669,0.3894
000028.png,28.665,0.7476,0.4655
000029.png,24.971,0.8253,0.353
000030.png,25.9161,0.8336,0.3574
000031.png,25.231,0.8325,0.3508
000032.png,30.4522,0.8679,0.3916
000033.png,24.1887,0.7069,0.4231
000034.png,24.5048,0.6549,0.4649
000035.png,24.0626,0.6987,0.4244
000036.png,28.8107,0.7885,0.5539
000037.png,26.4885,0.6809,0.4726
000038.png,25.8202,0.6636,0.4866
000039.png,26.5157,0.6875,0.4647
000040.png,24.9586,0.8342,0.3737
000041.png,25.7677,0.896,0.247
000042.png,24.7929,0.8838,0.2454
000043.png,25.7452,0.8962,0.2364
000044.png,19.4596,0.7874,0.3502
000045.png,24.0049,0.7972,0.403
000046.png,23.8285,0.8074,0.3828
000047.png,23.6258,0.7908,0.4122
000048.png,30.1502,0.9036,0.4146
000049.png,16.8095,0.3462,0.6234
000050.png,16.737,0.3545,0.6245
000051.png,16.4605,0.3452,0.5947
000052.png,26.2249,0.4728,0.6664
000053.png,25.5776,0.7895,0.4139
000054.png,25.8763,0.787,0.4202
000055.png,26.8415,0.841,0.3764
000056.png,26.6355,0.9196,0.2451
000057.png,30.2961,0.7404,0.559
000058.png,31.3194,0.7795,0.5321
000059.png,30.4125,0.7403,0.5724
000060.png,26.5192,0.7419,0.4164
000061.png,30.9233,0.8201,0.4684
000062.png,30.029,0.7897,0.4663
000063.png,30.3598,0.8057,0.5026
000064.png,28.8405,0.9196,0.3358
000065.png,27.059,0.7886,0.3977
000066.png,27.3302,0.8035,0.383
000067.png,26.4067,0.8044,0.3961
000068.png,28.2637,0.798,0.4157
000069.png,32.5119,0.9212,0.2286
000070.png,32.3466,0.9235,0.2064
000071.png,32.7632,0.9243,0.2207
000072.png,25.3543,0.809,0.3679
000073.png,24.8849,0.7249,0.438
000074.png,24.6656,0.7377,0.4094
000075.png,24.1567,0.7292,0.4104
000076.png,32.4624,0.9029,0.3902
000077.png,33.1406,0.8581,0.4326
000078.png,30.1178,0.7844,0.5344
000079.png,32.9037,0.8507,0.4582
000080.png,25.0568,0.8136,0.4614
000081.png,26.0104,0.819,0.3356
000082.png,26.1066,0.8146,0.3364
000083.png,26.1998,0.8083,0.3321
000084.png,22.6666,0.6925,0.3899
000085.png,20.113,0.7617,0.4241
000086.png,19.0519,0.7693,0.4333
000087.png,19.5686,0.777,0.4163
000088.png,34.6065,0.8972,0.3679
000089.png,29.2009,0.8819,0.3408
000090.png,30.7116,0.9144,0.2918
000091.png,30.5479,0.9073,0.3009
000092.png,25.8946,0.7641,0.4297
000093.png,34.9508,0.8768,0.3945
000094.png,32.9113,0.8665,0.3923
000095.png,35.0803,0.8793,0.3981
000096.png,20.457,0.7818,0.3876
000097.png,28.7668,0.858,0.5043
000098.png,29.0301,0.8562,0.4933
000099.png,28.6538,0.8551,0.491
000100.png,31.7145,0.8849,0.3304
000101.png,33.2065,0.8621,0.4569
000102.png,31.983,0.8336,0.4954
000103.png,32.2589,0.8408,0.4779
000104.png,27.0224,0.8019,0.3883
000105.png,33.0464,0.9523,0.1661
000106.png,34.1671,0.9456,0.17
000107.png,32.91,0.9505,0.1602
000108.png,18.6728,0.7205,0.3721
000109.png,22.3063,0.8374,0.2723
000110.png,23.5853,0.84,0.2809
000111.png,23.6365,0.8336,0.2816
000112.png,25.9402,0.8141,0.3431
000113.png,30.8416,0.7797,0.5343
000114.png,29.3544,0.7345,0.5454
000115.png,29.1379,0.8617,0.5031
000116.png,25.4589,0.7456,0.4216
000117.png,26.1011,0.7535,0.4227
000118.png,26.2981,0.7542,0.4198
000119.png,25.8908,0.7406,0.4378
000120.png,28.1136,0.8627,0.358
000121.png,32.6597,0.9223,0.2768
000122.png,30.2815,0.8826,0.3228
000123.png,30.5187,0.9061,0.3091
000124.png,23.0428,0.8534,0.2862
000125.png,26.5741,0.8531,0.2642
000126.png,26.7253,0.8552,0.2479
000127.png,26.6734,0.8572,0.2506
000128.png,31.6114,0.7798,0.5501
000129.png,23.289,0.8424,0.3359
000130.png,23.7766,0.8608,0.3232
000131.png,23.8807,0.8629,0.313
000132.png,30.2001,0.8311,0.5328
000133.png,22.1623,0.48,0.6319
000134.png,26.8508,0.6027,0.5508
000135.png,21.7936,0.5007,0.6272
000136.png,28.1419,0.9008,0.3453
000137.png,28.7988,0.7595,0.3382
000138.png,28.4898,0.7522,0.3559
000139.png,28.7718,0.7418,0.3503
000140.png,23.2935,0.8188,0.3375
000141.png,24.4644,0.8935,0.238
000142.png,24.4728,0.8969,0.2426
000143.png,24.1043,0.8789,0.2678
000144.png,27.1065,0.7225,0.4937
000145.png,30.5676,0.6189,0.6532
000146.png,29.7411,0.5946,0.6425
000147.png,30.5654,0.6181,0.6679
000148.png,25.0244,0.7761,0.423
000149.png,28.5137,0.5864,0.5947
000150.png,27.5787,0.5701,0.5958
000151.png,27.9858,0.5783,0.6072
000152.png,22.7587,0.6877,0.4438
000153.png,29.4288,0.7805,0.5846
000154.png,29.6005,0.7682,0.5867
000155.png,29.2018,0.7715,0.5778
000156.png,25.568,0.9159,0.1896
000157.png,31.389,0.9165,0.3317
000158.png,31.9236,0.9247,0.3264
000159.png,32.2697,0.9309,0.303
000160.png,30.8436,0.9349,0.2184
000161.png,30.3552,0.9317,0.2676
000162.png,29.8999,0.9324,0.2612
000163.png,30.8293,0.9437,0.2567
000164.png,25.1905,0.7936,0.4165
000165.png,29.5979,0.8723,0.3263
000166.png,29.5146,0.8504,0.3565
000167.png,29.9371,0.8508,0.3412
000168.png,24.1632,0.8016,0.395
000169.png,32.021,0.7811,0.5602
000170.png,32.1748,0.7925,0.5576
000171.png,33.5116,0.874,0.4885
000172.png,27.1881,0.5389,0.6072
000173.png,23.3979,0.3346,0.7188
000174.png,24.0831,0.3414,0.7492
000175.png,23.6825,0.3463,0.7046
000176.png,24.1818,0.7609,0.3596
000177.png,25.6841,0.4215,0.7247
000178.png,29.8625,0.5697,0.7089
000179.png,26.0703,0.4175,0.7781
000180.png,36.3435,0.9179,0.2943
000181.png,28.6585,0.7713,0.3585
000182.png,27.9593,0.776,0.3573
000183.png,27.822,0.7702,0.3408
000184.png,23.4805,0.7169,0.4029
000185.png,32.4566,0.9316,0.3112
000186.png,31.1626,0.9207,0.3268
000187.png,31.3341,0.9216,0.3159
000188.png,24.6458,0.8025,0.4085
000189.png,24.6819,0.832,0.3261
000190.png,25.0134,0.8349,0.3376
000191.png,25.221,0.8269,0.3328
000192.png,27.8307,0.8544,0.5384
000193.png,27.2878,0.9164,0.2106
000194.png,27.9366,0.9213,0.2109
000195.png,28.3328,0.9251,0.2158
000196.png,24.3921,0.7709,0.4057
000197.png,28.2566,0.8602,0.3627
000198.png,27.5737,0.8364,0.3778
000199.png,27.0782,0.8289,0.374
000200.png,26.7685,0.4477,0.71
000201.png,31.3898,0.7321,0.557
000202.png,32.2858,0.7648,0.5597
000203.png,32.8093,0.7719,0.5776
000204.png,24.1187,0.8494,0.446
000205.png,22.3714,0.806,0.3392
000206.png,21.0405,0.7786,0.3347
000207.png,21.6391,0.803,0.3152
000208.png,31.522,0.7823,0.4838
000209.png,30.5414,0.7451,0.4977
000210.png,31.2095,0.7666,0.4857
000211.png,31.2873,0.7876,0.4638
000212.png,29.7741,0.9102,0.2883
000213.png,34.4942,0.8754,0.3772
000214.png,36.0182,0.9002,0.3557
000215.png,36.2438,0.9118,0.3462
000216.png,29.7666,0.9106,0.2104
000217.png,29.591,0.8467,0.3787
000218.png,30.4087,0.8599,0.3799
000219.png,31.1848,0.8758,0.3743
000220.png,32.868,0.7994,0.4708
000221.png,23.1861,0.7544,0.371
000222.png,24.5383,0.7741,0.3548
000223.png,21.8143,0.8263,0.3036
000224.png,24.4659,0.5171,0.5838
000225.png,26.4498,0.5617,0.5368
000226.png,25.0054,0.5308,0.5582
000227.png,25.2658,0.5323,0.5843
000228.png,18.3351,0.8093,0.2492
000229.png,20.6467,0.8224,0.3528
000230.png,20.4772,0.8006,0.3625
000231.png,21.1804,0.8053,0.3693
000232.png,21.6092,0.7549,0.3913
000233.png,22.9854,0.7316,0.3557
000234.png,23.2272,0.7369,0.3736
000235.png,23.1161,0.7381,0.3783
000236.png,28.2564,0.8327,0.3607
000237.png,26.195,0.8528,0.343
000238.png,26.4747,0.8401,0.3484
000239.png,27.3601,0.8546,0.3398
000240.png,23.1374,0.8407,0.375
000241.png,34.2928,0.9356,0.3804
000242.png,34.7693,0.9437,0.3475
000243.png,35.4219,0.9526,0.3382
000244.png,19.7826,0.7786,0.3503
000245.png,27.086,0.8437,0.5626
000246.png,25.7605,0.8563,0.5625
000247.png,26.311,0.8548,0.5721
000248.png,28.2398,0.8476,0.35
000249.png,22.5492,0.7901,0.3175
000250.png,21.543,0.776,0.3496
000251.png,22.7054,0.7912,0.3257
000252.png,28.4463,0.8032,0.4303
000253.png,29.3646,0.8575,0.4346
000254.png,28.9558,0.8347,0.4482
000255.png,29.6082,0.8623,0.4439
000256.png,24.0163,0.8459,0.336
000257.png,20.4303,0.799,0.3389
000258.png,21.0342,0.8207,0.2999
000259.png,21.2804,0.8344,0.3059
000260.png,25.1606,0.7952,0.3267
000261.png,28.7341,0.8512,0.3292
000262.png,27.6684,0.8555,0.2893
000263.png,27.91,0.8362,0.3044
000264.png,23.9228,0.8316,0.4094
000265.png,32.1383,0.8731,0.4602
000266.png,32.0229,0.8712,0.4659
000267.png,30.8759,0.8579,0.4356
000268.png,32.2718,0.8499,0.4265
000269.png,26.3697,0.8241,0.4104
000270.png,26.8246,0.8397,0.382
000271.png,26.6799,0.8355,0.3906
000272.png,20.1087,0.7873,0.3719
000273.png,24.7456,0.3792,0.7382
000274.png,24.0286,0.3674,0.7181
000275.png,24.9911,0.3729,0.7806
000276.png,36.4961,0.9133,0.3454
000277.png,35.3346,0.9554,0.1856
000278.png,33.1354,0.9373,0.2182
000279.png,33.4776,0.9335,0.2367
000280.png,21.603,0.8159,0.3628
000281.png,25.5497,0.8738,0.3156
000282.png,26.1194,0.8669,0.3253
000283.png,25.6068,0.8841,0.3145
000284.png,22.6629,0.769,0.4495
000285.png,30.2841,0.8108,0.4885
000286.png,29.8135,0.8048,0.4851
000287.png,31.4857,0.7892,0.5042
000288.png,27.1609,0.8475,0.3787
000289.png,24.7206,0.7382,0.3843
000290.png,22.6245,0.7349,0.373
000291.png,23.1432,0.7469,0.3643
000292.png,31.943,0.9356,0.3117
000293.png,25.9136,0.4083,0.7363
000294.png,25.4648,0.4072,0.7065
000295.png,25.0517,0.3988,0.7114
000296.png,24.4524,0.7788,0.3461
000297.png,24.5155,0.7685,0.405
000298.png,24.6509,0.7632,0.4235
000299.png,25.2979,0.811,0.3856
000300.png,26.1832,0.4498,0.5295
000301.png,29.4061,0.7323,0.2426
000302.png,30.772,0.6832,0.2408
000303.png,30.456,0.6596,0.2517
000304.png,28.4207,0.8697,0.3168
000305.png,28.5182,0.7875,0.3993
000306.png,28.2104,0.7826,0.4075
000307.png,28.9536,0.8072,0.4013
000308.png,33.3065,0.9285,0.3301
000309.png,26.4226,0.7445,0.4633
000310.png,26.9772,0.7511,0.462
000311.png,26.6957,0.7455,0.4512
000312.png,22.519,0.8545,0.3384
000313.png,34.0051,0.8346,0.5164
000314.png,34.9588,0.8492,0.495
000315.png,34.0565,0.8467,0.5092
000316.png,30.7554,0.7484,0.6483
000317.png,23.4058,0.6109,0.5399
000318.png,23.6223,0.6714,0.5117
000319.png,23.833,0.719,0.4681
000320.png,21.8095,0.7113,0.437
000321.png,29.1698,0.8849,0.2836
000322.png,27.9834,0.8717,0.3033
000323.png,28.5323,0.8754,0.3017
000324.png,25.3505,0.8568,0.2969
000325.png,31.2738,0.9126,0.2481
000326.png,31.1369,0.9072,0.2662
000327.png,31.0675,0.9048,0.2638
000328.png,30.2694,0.7295,0.5849
000329.png,28.0123,0.8597,0.3316
000330.png,28.3055,0.8613,0.338
000331.png,28.3109,0.8588,0.3199
000332.png,33.3327,0.9458,0.2298
000333.png,26.0104,0.8158,0.326
000334.png,26.3983,0.8229,0.3194
000335.png,26.0481,0.8135,0.3296
000336.png,29.7298,0.9268,0.2374
000337.png,35.7181,0.932,0.3119
000338.png,33.2871,0.9191,0.3425
000339.png,33.7446,0.9221,0.345
000340.png,29.0799,0.773,0.4157
000341.png,30.8092,0.8859,0.3727
000342.png,30.0049,0.859,0.366
000343.png,29.4906,0.8488,0.3673
000344.png,27.5886,0.8208,0.3229
000345.png,27.667,0.8344,0.3315
000346.png,28.2882,0.8649,0.3133
000347.png,28.0909,0.8587,0.3196
000348.png,28.9923,0.8709,0.2805
000349.png,26.5689,0.7678,0.3394
000350.png,27.2261,0.7845,0.3239
000351.png,26.2535,0.7693,0.3267
000352.png,10.8335,0.346,0.6005
000353.png,15.8868,0.3451,0.6091
000354.png,14.7887,0.3424,0.6182
000355.png,14.6781,0.3464,0.6156
000356.png,24.4911,0.7563,0.4254
000357.png,29.1301,0.8415,0.3668
000358.png,26.9578,0.8243,0.3461
000359.png,28.2555,0.8382,0.3561
000360.png,23.3045,0.78,0.4076
000361.png,34.2609,0.8487,0.5371
000362.png,30.0286,0.7434,0.5725
000363.png,29.8068,0.7565,0.5268
000364.png,25.0216,0.7721,0.4209
000365.png,29.073,0.873,0.2657
000366.png,28.8904,0.8703,0.2777
000367.png,28.981,0.8723,0.2726
000368.png,28.6788,0.8214,0.359
000369.png,25.083,0.7497,0.4152
000370.png,23.394,0.7617,0.3873
000371.png,24.2412,0.7461,0.3944
000372.png,30.2648,0.7125,0.5732
000373.png,20.8245,0.6931,0.3647
000374.png,20.4925,0.6673,0.3633
000375.png,20.2819,0.6673,0.3535
000376.png,21.4068,0.5674,0.514
000377.png,21.1206,0.7825,0.4692
000378.png,21.3252,0.7724,0.4795
000379.png,21.2114,0.7854,0.4437
000380.png,27.9981,0.9,0.3682
000381.png,26.0381,0.5823,0.6119
000382.png,25.8977,0.5809,0.6066
000383.png,25.7644,0.5657,0.6244
000384.png,31.7838,0.9338,0.2845
000385.png,21.9012,0.4932,0.5745
000386.png,21.9405,0.4921,0.566
000387.png,21.6403,0.4935,0.5785
000388.png,26.4492,0.8272,0.367
000389.png,30.8952,0.8522,0.3773
000390.png,32.3773,0.9078,0.2571
000391.png,34.4832,0.9045,0.3083
000392.png,30.2883,0.8818,0.3496
000393.png,31.9454,0.8117,0.496
000394.png,32.2097,0.815,0.4864
000395.png,33.4693,0.8444,0.4712
000396.png,25.0336,0.8134,0.3882
000397.png,25.1924,0.3886,0.6723
000398.png,22.2471,0.3057,0.7056
000399.png,21.2227,0.2801,0.7349
000400.png,31.8454,0.9227,0.3021
000401.png,30.7002,0.7909,0.4506
000402.png,28.8797,0.7963,0.4979
000403.png,28.6865,0.761,0.5226
000404.png,23.5406,0.6648,0.3859
000405.png,15.7963,0.3449,0.5998
000406.png,16.1541,0.3427,0.6113
000407.png,14.9651,0.3454,0.6042
000408.png,28.568,0.8349,0.403
000409.png,33.3096,0.8535,0.5071
000410.png,33.7578,0.8578,0.4986
000411.png,33.9384,0.8662,0.4874
000412.png,31.3217,0.8078,0.4751
000413.png,20.8915,0.6666,0.4784
000414.png,21.4893,0.674,0.4861
000415.png,21.7163,0.6718,0.5006
000416.png,29.7369,0.8775,0.3496
000417.png,28.5599,0.5435,0.6481
000418.png,28.0735,0.533,0.6282
000419.png,28.1129,0.5337,0.625
000420.png,29.9144,0.7968,0.513
000421.png,30.102,0.7029,0.5665
000422.png,29.6059,0.685,0.5634
000423.png,29.7209,0.6881,0.557
000424.png,28.7651,0.7783,0.3971
000425.png,33.1271,0.7297,0.3441
000426.png,30.6213,0.7019,0.36
000427.png,32.661,0.704,0.3715
000428.png,27.976,0.9151,0.2649
000429.png,22.3483,0.9026,0.2755
000430.png,21.4674,0.8801,0.2805
000431.png,22.2426,0.8918,0.3046
000432.png,30.1736,0.887,0.3007
000433.png,29.736,0.7771,0.4545
000434.png,30.6895,0.8041,0.4472
000435.png,31.0883,0.8206,0.4274
000436.png,33.719,0.9343,0.2244
000437.png,31.6818,0.9237,0.3104
000438.png,31.7275,0.9227,0.3394
000439.png,32.9908,0.931,0.3111
000440.png,27.7178,0.787,0.4238
000441.png,29.9519,0.8854,0.3348
000442.png,30.939,0.8605,0.412
000443.png,29.9557,0.8545,0.3975
000444.png,27.568,0.8669,0.3122
000445.png,29.1199,0.8607,0.4005
000446.png,28.8396,0.8368,0.4332
000447.png,29.8417,0.8529,0.4118
000448.png,25.6886,0.4801,0.7039
000449.png,32.0022,0.9168,0.4071
000450.png,31.2901,0.8978,0.4295
000451.png,31.3083,0.8991,0.4363
000452.png,32.9532,0.9265,0.3636
000453.png,24.2002,0.5209,0.566
000454.png,24.0517,0.5219,0.5648
000455.png,24.1939,0.5181,0.5509
000456.png,24.9872,0.6932,0.4795
000457.png,23.5992,0.7199,0.4082
000458.png,23.9583,0.731,0.406
000459.png,24.0509,0.7322,0.399
000460.png,26.7796,0.8505,0.3209
000461.png,35.313,0.9298,0.3321
000462.png,34.1679,0.9218,0.3366
000463.png,35.1858,0.9412,0.2834
000464.png,25.7341,0.791,0.3956
000465.png,26.9359,0.4198,0.7522
000466.png,26.7393,0.4101,0.7408
000467.png,26.3651,0.4001,0.7404
000468.png,20.3392,0.5741,0.4712
000469.png,23.1389,0.7082,0.4502
000470.png,23.4581,0.7154,0.446
000471.png,23.5004,0.724,0.4363
000472.png,27.2171,0.8992,0.2827
000473.png,31.4205,0.8796,0.4228
000474.png,30.527,0.8599,0.4566
000475.png,32.2247,0.9298,0.4013
000476.png,27.7887,0.8885,0.3017
000477.png,24.6338,0.4193,0.6913
000478.png,24.8737,0.4236,0.696
000479.png,24.3554,0.4185,0.6768
000480.png,23.9607,0.8323,0.3861
000481.png,30.757,0.8319,0.4637
000482.png,30.4439,0.8361,0.4439
000483.png,30.1954,0.8141,0.4639
000484.png,23.8305,0.7328,0.473
000485.png,31.742,0.7832,0.5741
000486.png,35.2091,0.8767,0.5149
000487.png,34.9651,0.8746,0.5136
000488.png,27.3743,0.8613,0.2953
000489.png,26.3899,0.8734,0.2698
000490.png,25.3036,0.8614,0.297
000491.png,25.8819,0.8705,0.2783
000492.png,24.8272,0.8465,0.3035
000493.png,25.822,0.4138,0.7253
000494.png,24.0957,0.3473,0.7646
000495.png,24.2984,0.3419,0.7962
000496.png,18.3803,0.7569,0.4168
000497.png,24.0592,0.7511,0.3761
000498.png,23.6505,0.7595,0.3469
000499.png,23.7936,0.729,0.389
000500.png,25.6866,0.702,0.4636
000501.png,25.892,0.7346,0.4559
000502.png,26.1893,0.7348,0.4543
000503.png,26.3187,0.7413,0.4507
000504.png,26.1519,0.8626,0.2934
000505.png,23.2617,0.8751,0.2786
000506.png,22.9993,0.8825,0.2546
000507.png,23.0149,0.8812,0.2474
000508.png,31.4724,0.9215,0.491
000509.png,22.6094,0.7297,0.388
000510.png,24.2048,0.735,0.3946
000511.png,24.403,0.7466,0.3912
000512.png,27.8618,0.8438,0.4525
000513.png,17.2357,0.6792,0.3608
000514.png,17.8572,0.6831,0.3791
000515.png,17.2007,0.6528,0.3759
000516.png,25.7684,0.6346,0.5359
000517.png,24.9688,0.648,0.4825
000518.png,25.1227,0.6304,0.4966
000519.png,25.1166,0.6326,0.4938
000520.png,23.4755,0.7352,0.3948
000521.png,31.0067,0.7574,0.4877
000522.png,31.9419,0.794,0.5142
000523.png,30.6917,0.7669,0.4778
000524.png,20.7018,0.8086,0.3235
000525.png,30.2424,0.6901,0.5517
000526.png,30.503,0.6942,0.5708
000527.png,30.5781,0.6963,0.5612
000528.png,32.8918,0.8675,0.519
000529.png,23.4394,0.8024,0.4837
000530.png,23.102,0.7521,0.4828
000531.png,22.0706,0.7568,0.4676
000532.png,24.8226,0.8485,0.4391
000533.png,23.4014,0.7625,0.4206
000534.png,23.6606,0.8005,0.3666
000535.png,23.937,0.8075,0.3623
000536.png,35.0372,0.9421,0.3093
000537.png,32.7749,0.9068,0.3755
000538.png,33.1948,0.9177,0.3643
000539.png,34.0304,0.9305,0.3391
000540.png,26.9921,0.7157,0.4609
000541.png,34.6408,0.8389,0.5406
000542.png,33.5697,0.8087,0.5682
000543.png,34.0834,0.825,0.5551
000544.png,29.5131,0.7835,0.6158
000545.png,29.0616,0.8806,0.3698
000546.png,28.8212,0.8817,0.3725
000547.png,28.2263,0.8857,0.3307
000548.png,33.8703,0.9039,0.4004
000549.png,32.0947,0.7566,0.1851
000550.png,33.7319,0.7373,0.2262
000551.png,31.6546,0.7479,0.205
000552.png,24.3539,0.8068,0.4649
000553.png,32.4761,0.8813,0.3135
000554.png,31.8219,0.8828,0.3136
000555.png,31.6313,0.8782,0.323
000556.png,38.2692,0.9429,0.2532
000557.png,36.2175,0.9313,0.3752
000558.png,32.5686,0.9105,0.3553
000559.png,35.5235,0.9247,0.3889
000560.png,25.1289,0.8052,0.3744
000561.png,22.3938,0.6259,0.5142
000562.png,22.396,0.6263,0.5169
000563.png,22.7577,0.6385,0.5222
000564.png,31.2026,0.8136,0.486
000565.png,22.2051,0.6207,0.5037
000566.png,22.277,0.6295,0.494
000567.png,22.9749,0.5948,0.5358
000568.png,23.0485,0.768,0.381
000569.png,25.1243,0.8069,0.3782
000570.png,25.1857,0.8016,0.37
000571.png,25.1536,0.8075,0.3848
000572.png,24.2747,0.7554,0.4048
000573.png,31.1881,0.8922,0.4501
000574.png,34.8734,0.9129,0.4464
000575.png,35.0241,0.9177,0.4497
000576.png,24.0736,0.9001,0.2223
000577.png,25.0675,0.8542,0.3475
000578.png,24.4989,0.785,0.3956
000579.png,24.879,0.785,0.4295
000580.png,30.8549,0.7437,0.5498
000581.png,28.7288,0.9359,0.2224
000582.png,28.704,0.929,0.2242
000583.png,29.4087,0.928,0.223
000584.png,28.6769,0.6198,0.6144
000585.png,25.9195,0.4837,0.6588
000586.png,26.4468,0.4907,0.6595
000587.png,26.6255,0.4916,0.6778
000588.png,32.4768,0.9172,0.31
000589.png,28.7718,0.6251,0.5931
000590.png,30.6977,0.676,0.5911
000591.png,31.1946,0.6962,0.5947
000592.png,31.3224,0.8947,0.3257
000593.png,23.1235,0.815,0.3969
000594.png,25.0057,0.8575,0.3634
000595.png,23.3781,0.8241,0.3943
000596.png,29.0069,0.8856,0.4624
000597.png,32.428,0.7471,0.568
000598.png,32.4324,0.7395,0.5505
000599.png,31.2454,0.7062,0.5432
000600.png,30.3155,0.901,0.3451
000601.png,33.2173,0.878,0.3704
000602.png,32.8448,0.8734,0.3854
000603.png,32.4253,0.8559,0.3723
000604.png,22.4149,0.8645,0.39
000605.png,23.5029,0.8687,0.2521
000606.png,23.5559,0.857,0.2658
000607.png,24.2291,0.8849,0.2507
000608.png,24.8507,0.8352,0.4076
000609.png,29.908,0.6733,0.5707
000610.png,29.495,0.6621,0.5598
000611.png,29.7381,0.6336,0.5884
000612.png,31.4584,0.9089,0.3102
000613.png,24.4255,0.8464,0.3236
000614.png,25.2161,0.824,0.3536
000615.png,25.2873,0.8224,0.3529
000616.png,28.8856,0.9045,0.4492
000617.png,26.1161,0.7037,0.4692
000618.png,27.1407,0.7274,0.4809
000619.png,26.7862,0.7041,0.4948
000620.png,28.7087,0.8262,0.377
000621.png,22.5463,0.6823,0.4349
000622.png,22.7321,0.6816,0.4389
000623.png,22.8064,0.6892,0.4195
000624.png,23.0897,0.5449,0.1853
000625.png,10.6895,0.3303,0.6016
000626.png,10.767,0.3384,0.596
000627.png,10.7002,0.3332,0.6048
000628.png,28.4111,0.8386,0.3961
000629.png,26.0806,0.4129,0.7433
000630.png,26.0184,0.4223,0.7139
000631.png,26.0082,0.4147,0.7393
000632.png,27.2161,0.7778,0.4636
000633.png,29.5471,0.8308,0.4327
000634.png,30.7232,0.882,0.403
000635.png,30.1658,0.8619,0.4075
000636.png,27.6243,0.8303,0.3171
000637.png,27.3607,0.8757,0.3571
000638.png,27.3604,0.8659,0.3566
000639.png,26.8378,0.8572,0.3766
000640.png,26.314,0.7421,0.4095
000641.png,20.6342,0.3875,0.6358
000642.png,20.2379,0.3807,0.6561
000643.png,35.2997,0.9051,0.435
000644.png,25.7005,0.6564,0.4848
000645.png,24.8246,0.7228,0.4481
000646.png,25.5318,0.7451,0.4392
000647.png,24.7726,0.7022,0.4543
000648.png,24.1773,0.8517,0.3444
000649.png,25.7848,0.8803,0.2065
000650.png,25.9541,0.8846,0.1911
000651.png,25.9716,0.885,0.1831
000652.png,30.3523,0.8909,0.2823
000653.png,27.0704,0.8422,0.3283
000654.png,26.9364,0.837,0.3225
000655.png,26.9264,0.8332,0.3234
000656.png,25.5884,0.7775,0.3928
000657.png,24.3118,0.858,0.3215
000658.png,24.2797,0.8617,0.3149
000659.png,22.8983,0.8458,0.3045
000660.png,30.6975,0.8957,0.3301
000661.png,32.1664,0.7725,0.5173
000662.png,31.8651,0.7649,0.5204
000663.png,30.2512,0.7217,0.5351
000664.png,14.6334,0.6449,0.3722
000665.png,28.9118,0.6056,0.5549
000666.png,34.9767,0.8856,0.241
000667.png,34.2259,0.8828,0.2476
000668.png,30.7832,0.8845,0.3195
000669.png,27.5287,0.7356,0.433
000670.png,27.6279,0.7575,0.4079
000671.png,27.4337,0.7344,0.4276
000672.png,20.4381,0.9251,0.1701
000673.png,25.9847,0.8887,0.3129
000674.png,25.0262,0.8689,0.3387
000675.png,25.9333,0.8994,0.3008
000676.png,21.5026,0.8481,0.2385
000677.png,19.0701,0.8168,0.27
000678.png,19.3843,0.8318,0.2674
000679.png,19.011,0.8212,0.2739
000680.png,28.657,0.914,0.2569
000681.png,29.038,0.9272,0.2208
000682.png,28.3579,0.9075,0.2492
000683.png,29.1352,0.9238,0.2382
000684.png,26.4356,0.8925,0.276
000685.png,29.2588,0.8488,0.3711
000686.png,28.7006,0.8114,0.3919
000687.png,28.8181,0.7976,0.4159
000688.png,27.4434,0.851,0.3032
000689.png,26.0727,0.9232,0.2575
000690.png,25.5305,0.9045,0.2938
000691.png,25.961,0.9137,0.2733
000692.png,29.632,0.9054,0.341
000693.png,33.5524,0.9282,0.2484
000694.png,28.5212,0.9099,0.2582
000695.png,31.954,0.9233,0.2431
000696.png,27.9999,0.5268,0.6771
000697.png,29.0681,0.7932,0.4416
000698.png,29.9528,0.8104,0.4284
000699.png,30.0055,0.8179,0.4223
000700.png,32.4684,0.9055,0.3062
000701.png,26.5991,0.564,0.5374
000702.png,26.9083,0.5676,0.5459
000703.png,26.4668,0.5662,0.5365
000704.png,30.2741,0.8093,0.5182
000705.png,20.4703,0.3066,0.6795
000706.png,20.5607,0.2982,0.6968
000707.png,21.0883,0.3269,0.6473
000708.png,25.4658,0.9055,0.2355
000709.png,37.1302,0.8774,0.207
000710.png,37.2428,0.8513,0.1915
000711.png,36.7706,0.8485,0.2114
000712.png,28.4644,0.8677,0.306
000713.png,32.6764,0.9136,0.3099
000714.png,32.2365,0.9131,0.3138
000715.png,32.4196,0.912,0.304
000716.png,21.542,0.7685,0.3999
000717.png,20.6427,0.8221,0.3542
000718.png,20.4023,0.8165,0.3398
000719.png,20.4476,0.8181,0.3479
000720.png,23.4155,0.8326,0.3188
000721.png,27.8064,0.9425,0.2075
000722.png,27.4047,0.937,0.1899
000723.png,26.5244,0.9219,0.2126
000724.png,24.0957,0.7245,0.4151
000725.png,22.9276,0.7601,0.3763
000726.png,22.74,0.7567,0.3873
000727.png,22.9665,0.7521,0.3786
000728.png,28.8096,0.8408,0.3393
000729.png,28.0784,0.7679,0.4236
000730.png,31.0548,0.8437,0.3561
000731.png,29.1036,0.8068,0.3789
000732.png,21.9401,0.7476,0.4463
000733.png,25.2227,0.5454,0.5749
000734.png,24.6511,0.5233,0.5671
000735.png,24.431,0.5021,0.5889
000736.png,27.7909,0.8644,0.3279
000737.png,34.2173,0.9175,0.3239
000738.png,33.5717,0.8983,0.3835
000739.png,32.5207,0.8787,0.3892
000740.png,30.7166,0.8149,0.4478
000741.png,27.7582,0.7732,0.4478
000742.png,26.6293,0.6891,0.4893
000743.png,27.0253,0.7398,0.4581
000744.png,24.5429,0.8305,0.3006
000745.png,33.2228,0.758,0.6535
000746.png,31.331,0.6867,0.6531
000747.png,33.1645,0.752,0.6586
000748.png,24.5746,0.6742,0.5069
000749.png,25.3355,0.8071,0.4382
000750.png,25.1145,0.7969,0.4231
000751.png,25.4147,0.8092,0.4418
000752.png,29.4485,0.7054,0.6061
000753.png,24.4074,0.3423,0.7096
000754.png,24.0251,0.3283,0.6972
000755.png,24.0041,0.3265,0.7103
000756.png,31.2221,0.8436,0.3977
000757.png,33.1502,0.8771,0.3569
000758.png,33.4955,0.8795,0.367
000759.png,31.9051,0.8823,0.3518
000760.png,24.1067,0.3781,0.7213
000761.png,23.5993,0.3835,0.6998
000762.png,23.2166,0.399,0.6718
000763.png,23.2818,0.3911,0.6785
000764.png,20.3763,0.8144,0.3591
000765.png,28.7958,0.8392,0.3837
000766.png,28.1294,0.8362,0.3761
000767.png,28.5232,0.8377,0.3902
000768.png,22.6042,0.8395,0.3307
000769.png,31.4427,0.817,0.4514
000770.png,32.0071,0.8239,0.4678
000771.png,29.7555,0.7942,0.476
000772.png,28.7762,0.815,0.3922
000773.png,31.9263,0.8695,0.3396
000774.png,31.4573,0.8575,0.3594
000775.png,31.186,0.8527,0.3527
000776.png,22.6995,0.8288,0.4183
000777.png,22.9252,0.5351,0.4823
000778.png,22.4417,0.5276,0.4795
000779.png,21.8907,0.5082,0.4527
000780.png,21.01,0.7637,0.3206
000781.png,30.3351,0.8209,0.4651
000782.png,30.7326,0.8301,0.4646
000783.png,30.6825,0.8297,0.4525
000784.png,27.4969,0.8464,0.2959
000785.png,34.4955,0.9164,0.3646
000786.png,34.4229,0.9198,0.3534
000787.png,33.61,0.8995,0.3749
000788.png,31.4269,0.7889,0.4446
000789.png,35.7745,0.9008,0.3401
000790.png,36.6742,0.9196,0.2964
000791.png,35.9409,0.9018,0.3246
000792.png,29.4982,0.8052,0.5022
000793.png,26.6161,0.7807,0.437
000794.png,26.5765,0.7677,0.4464
000795.png,27.6715,0.7891,0.4207
000796.png,32.8521,0.9264,0.3731
000797.png,31.4995,0.7954,0.3537
000798.png,31.0654,0.7939,0.3558
000799.png,29.5422,0.7911,0.3602
000800.png,24.0787,0.3842,0.6795
000801.png,31.1699,0.6963,0.5825
000802.png,29.9145,0.6441,0.6235
000803.png,30.8991,0.6933,0.5933
000804.png,20.8248,0.7231,0.4328
000805.png,38.0646,0.9335,0.3734
000806.png,35.3183,0.9197,0.375
000807.png,34.4635,0.9083,0.3697
000808.png,33.0764,0.9159,0.2513
000809.png,31.7239,0.9238,0.4088
000810.png,32.5363,0.9039,0.4334
000811.png,29.0696,0.9131,0.382
000812.png,27.9111,0.8437,0.2709
000813.png,23.5837,0.7617,0.3619
000814.png,23.5378,0.763,0.3646
000815.png,23.3483,0.7687,0.3922
000816.png,29.6831,0.7632,0.4377
000817.png,21.7337,0.6648,0.45
000818.png,21.7145,0.6356,0.4745
000819.png,20.9731,0.6223,0.4729
000820.png,21.431,0.7541,0.3298
000821.png,37.9005,0.7869,0.2656
000822.png,36.2009,0.8214,0.2777
000823.png,37.2164,0.7978,0.2745
000824.png,31.27,0.8613,0.4484
000825.png,30.7162,0.9346,0.2919
000826.png,31.5342,0.9418,0.3122
000827.png,31.2939,0.9319,0.2618
000828.png,31.6287,0.825,0.4747
000829.png,32.3018,0.7799,0.6068
000830.png,32.6685,0.7899,0.6012
000831.png,32.7971,0.794,0.6112
000832.png,26.0686,0.8555,0.5097
000833.png,25.0704,0.8396,0.3479
000834.png,23.7261,0.8605,0.3093
000835.png,24.4211,0.8649,0.3066
000836.png,26.8494,0.8516,0.2929
000837.png,26.5089,0.8413,0.3296
000838.png,29.1107,0.8858,0.2934
000839.png,28.0915,0.8664,0.3133
000840.png,27.3606,0.8743,0.3053
000841.png,32.6947,0.9395,0.3385
000842.png,32.7928,0.94,0.3347
000843.png,31.9938,0.9304,0.3438
000844.png,26.1038,0.7287,0.4036
000845.png,32.9792,0.8876,0.328
000846.png,35.3255,0.8944,0.343
000847.png,34.2604,0.8952,0.3413
000848.png,26.7614,0.7176,0.423
000849.png,30.6376,0.8638,0.4487
000850.png,30.6851,0.8589,0.4507
000851.png,31.2221,0.8696,0.4358
000852.png,23.6221,0.7751,0.3601
000853.png,21.9214,0.6922,0.5026
000854.png,22.2717,0.6988,0.5083
000855.png,21.7127,0.6709,0.5171
000856.png,23.313,0.7983,0.3517
000857.png,31.3882,0.7996,0.4664
000858.png,29.7837,0.7581,0.4809
000859.png,31.2666,0.8049,0.4473
000860.png,29.8002,0.911,0.2474
000861.png,25.5997,0.7662,0.474
000862.png,26.7623,0.8048,0.4585
000863.png,25.8741,0.775,0.4458
000864.png,19.6062,0.7816,0.3995
000865.png,22.9792,0.3938,0.6819
000866.png,23.314,0.3848,0.7191
000867.png,23.0434,0.3773,0.7238
000868.png,26.4644,0.8486,0.3163
000869.png,23.7758,0.3808,0.703
000870.png,24.3927,0.3797,0.7308
000871.png,23.231,0.366,0.7039
000872.png,31.1119,0.8774,0.3057
000873.png,26.5518,0.7802,0.4295
000874.png,25.8541,0.7577,0.4284
000875.png,26.6487,0.7791,0.4327
000876.png,28.5844,0.8302,0.4066
000877.png,35.7343,0.8774,0.4351
000878.png,37.4765,0.9121,0.4488
000879.png,36.9979,0.9021,0.4354
000880.png,28.6473,0.5991,0.6386
000881.png,32.0528,0.8888,0.3619
000882.png,33.0864,0.9098,0.3393
000883.png,32.8697,0.9067,0.3348
000884.png,35.2055,0.8382,0.4366
000885.png,29.1813,0.9071,0.328
000886.png,30.2147,0.9037,0.311
000887.png,30.1598,0.9146,0.3072
000888.png,26.9225,0.7141,0.4559
000889.png,34.6204,0.8941,0.3925
000890.png,35.8583,0.9103,0.4037
000891.png,36.2323,0.9156,0.3865
000892.png,24.7557,0.8015,0.3655
000893.png,29.2152,0.81,0.5468
000894.png,27.5804,0.7823,0.4948
000895.png,26.9897,0.7596,0.5017
000896.png,26.0625,0.8569,0.3116
000897.png,30.5087,0.8928,0.3575
000898.png,31.0038,0.8879,0.3883
000899.png,31.327,0.8894,0.4067
000900.png,18.1399,0.4182,0.6097
000901.png,27.2985,0.7393,0.2816
000902.png,26.9005,0.751,0.3101
000903.png,27.9702,0.7345,0.3014
000904.png,24.6849,0.8725,0.2924
000905.png,23.6101,0.3014,0.7652
000906.png,32.8337,0.7475,0.5989
000907.png,26.2046,0.3674,0.768
000908.png,27.738,0.8746,0.3423
000909.png,34.2161,0.8995,0.4379
000910.png,36.0815,0.9191,0.4088
000911.png,36.2737,0.9232,0.4275
000912.png,29.8094,0.7992,0.4412
000913.png,22.8678,0.8221,0.348
000914.png,23.2799,0.8282,0.357
000915.png,23.6309,0.8391,0.3577
000916.png,21.3014,0.7934,0.3304
000917.png,28.4712,0.7611,0.4617
000918.png,28.626,0.7659,0.4285
000919.png,27.786,0.7343,0.477
000920.png,27.1811,0.8627,0.3405
000921.png,26.0263,0.8181,0.4042
000922.png,25.893,0.8251,0.4078
000923.png,25.7318,0.8085,0.3919
000924.png,36.4459,0.9263,0.3126
000925.png,30.6573,0.7071,0.5671
000926.png,30.3281,0.7062,0.5479
000927.png,30.8177,0.7133,0.5585
000928.png,31.8594,0.8657,0.4478
000929.png,26.1817,0.7151,0.4384
000930.png,27.0389,0.8203,0.3308
000931.png,27.4639,0.8263,0.3319
000932.png,25.474,0.954,0.1106
000933.png,30.5742,0.7913,0.4537
000934.png,32.932,0.8698,0.4396
000935.png,30.6703,0.785,0.4526
000936.png,25.3278,0.7812,0.3638
000937.png,29.5516,0.7698,0.5181
000938.png,32.581,0.8131,0.5067
000939.png,30.168,0.7975,0.5112
000940.png,21.0986,0.6134,0.5805
000941.png,35.4557,0.8971,0.4043
000942.png,35.1182,0.8855,0.412
000943.png,34.8064,0.878,0.4049
000944.png,35.0145,0.9022,0.373
000945.png,33.2947,0.8983,0.2358
000946.png,34.5785,0.8971,0.1921
000947.png,33.9534,0.9036,0.25
000948.png,27.2542,0.8311,0.3692
000949.png,34.3366,0.8949,0.3302
000950.png,34.4909,0.902,0.3177
000951.png,34.405,0.8963,0.3318
000952.png,25.4723,0.526,0.5902
000953.png,31.4211,0.7099,0.6178
000954.png,30.612,0.6862,0.614
000955.png,30.92,0.6908,0.6243
000956.png,23.5487,0.8111,0.3557
000957.png,10.7753,0.3415,0.5987
000958.png,10.6422,0.3291,0.5976
000959.png,10.7515,0.3351,0.6055
000960.png,37.8175,0.9362,0.4932
000961.png,32.8698,0.7831,0.5233
000962.png,30.522,0.721,0.5249
000963.png,32.6911,0.7769,0.5238
000964.png,27.4423,0.8653,0.3274
000965.png,29.8892,0.9206,0.2972
000966.png,30.8469,0.9358,0.2881
000967.png,29.4409,0.9129,0.298
000968.png,24.2985,0.809,0.3751
000969.png,24.3037,0.7265,0.4608
000970.png,24.3127,0.7262,0.4654
000971.png,23.9941,0.737,0.4408
000972.png,32.2585,0.9264,0.2882
000973.png,32.474,0.8931,0.2979
000974.png,31.3667,0.8849,0.2967
000975.png,30.398,0.8543,0.3239
000976.png,33.9232,0.8471,0.5349
000977.png,33.9364,0.9544,0.3392
000978.png,34.1183,0.9628,0.3272
000979.png,34.1518,0.9576,0.3601
000980.png,22.2044,0.7029,0.3011
000981.png,24.2451,0.7616,0.4418
000982.png,24.1252,0.7455,0.4798
000983.png,25.5151,0.7502,0.4964
000984.png,10.7119,0.3326,0.5916
000985.png,27.6984,0.8227,0.4435
000986.png,27.6116,0.8224,0.437
000987.png,28.1762,0.8322,0.3672
000988.png,29.1158,0.8357,0.43
000989.png,30.3948,0.8271,0.4715
000990.png,31.3748,0.8735,0.4341
000991.png,32.0865,0.8603,0.4845
000992.png,35.9452,0.8878,0.4288
000993.png,31.2556,0.7023,0.6
000994.png,31.6615,0.7016,0.6136
000995.png,32.0807,0.7135,0.6046
000996.png,27.7519,0.863,0.3178
000997.png,29.5664,0.8914,0.3138
000998.png,30.1057,0.9037,0.3028
000999.png,30.4929,0.9143,0.2948
001000.png,21.3958,0.6531,0.4096
001001.png,26.9656,0.6096,0.5652
001002.png,27.2194,0.5844,0.6581
001003.png,26.9341,0.5981,0.5759
001004.png,25.431,0.8805,0.3083
001005.png,33.2912,0.8906,0.4024
001006.png,33.6354,0.8987,0.3952
001007.png,33.6471,0.9051,0.3861
001008.png,25.6418,0.6802,0.4891
001009.png,29.1304,0.8689,0.3466
001010.png,29.624,0.8835,0.3641
001011.png,31.0716,0.9166,0.2887
001012.png,27.0545,0.8573,0.3176
001013.png,30.0923,0.9366,0.3897
001014.png,29.4304,0.9216,0.3995
001015.png,29.4797,0.8912,0.393
001016.png,27.1715,0.8474,0.3194
001017.png,29.7282,0.8808,0.3292
001018.png,29.732,0.8453,0.4027
001019.png,29.7559,0.8697,0.3641
001020.png,24.7481,0.8116,0.3992
001021.png,25.1247,0.7694,0.3749
001022.png,25.6094,0.7769,0.3654
001023.png,26.6037,0.8222,0.3506
001024.png,28.0078,0.8995,0.3479
001025.png,27.4548,0.5294,0.664
001026.png,27.495,0.5447,0.638
001027.png,27.2397,0.536,0.6381
001028.png,28.1678,0.9061,0.2984
001029.png,32.5091,0.839,0.481
001030.png,31.293,0.7961,0.5082
001031.png,32.2691,0.8099,0.5244
001032.png,21.3583,0.8121,0.3753
001033.png,23.4859,0.8152,0.3547
001034.png,22.1287,0.8147,0.3473
001035.png,23.8036,0.8232,0.3701
001036.png,29.4425,0.8133,0.5488
001037.png,24.5977,0.7188,0.4797
001038.png,24.8671,0.7146,0.495
001039.png,24.8413,0.733,0.463
001040.png,25.4403,0.8043,0.4556
001041.png,21.097,0.8471,0.2222
001042.png,21.4378,0.8579,0.2199
001043.png,20.9209,0.853,0.226
001044.png,24.8372,0.8179,0.3481
001045.png,31.4724,0.8843,0.3651
001046.png,31.6404,0.8815,0.3607
001047.png,31.7196,0.8849,0.3488
001048.png,25.4951,0.8649,0.2997
001049.png,29.9802,0.7351,0.5324
001050.png,29.2837,0.7097,0.5386
001051.png,30.4786,0.7752,0.5071
001052.png,28.5122,0.8807,0.3328
001053.png,38.323,0.963,0.2759
001054.png,34.7918,0.9281,0.3737
001055.png,38.5893,0.9699,0.2828
001056.png,23.2968,0.7774,0.4259
001057.png,21.5663,0.7345,0.4583
001058.png,22.2409,0.7349,0.4537
001059.png,22.5682,0.7397,0.464
001060.png,29.6899,0.92,0.2766
001061.png,31.9614,0.9302,0.2406
001062.png,32.0555,0.9329,0.2353
001063.png,30.3884,0.9098,0.2682
001064.png,33.909,0.9175,0.3401
001065.png,31.5552,0.7467,0.6098
001066.png,32.0515,0.7585,0.5946
001067.png,32.9887,0.791,0.5754
001068.png,31.337,0.8882,0.3267
001069.png,24.8639,0.8664,0.3181
001070.png,23.9443,0.8676,0.3181
001071.png,23.1378,0.8489,0.3249
001072.png,25.4609,0.8416,0.3564
001073.png,23.1298,0.8259,0.3744
001074.png,23.6222,0.8477,0.352
001075.png,23.18,0.8247,0.3683
001076.png,23.6457,0.7436,0.4608
001077.png,26.6369,0.7512,0.4003
001078.png,26.3799,0.7512,0.4027
001079.png,26.4211,0.7558,0.4094
001080.png,24.5943,0.7743,0.4494
001081.png,35.8125,0.8868,0.525
001082.png,37.039,0.912,0.4947
001083.png,34.2086,0.8436,0.5524
001084.png,34.5714,0.8865,0.1802
001085.png,32.4822,0.8899,0.2997
001086.png,34.3224,0.8132,0.2897
001087.png,34.7428,0.8298,0.2622
001088.png,25.7746,0.8941,0.2978
001089.png,28.7837,0.9246,0.2766
001090.png,29.0287,0.9082,0.3099
001091.png,28.4647,0.9284,0.2591
001092.png,24.7644,0.8733,0.3489
001093.png,37.0334,0.9485,0.3083
001094.png,37.939,0.9563,0.317
001095.png,38.5413,0.9594,0.3288
001096.png,26.1428,0.8317,0.2933
001097.png,25.9137,0.7671,0.2897
001098.png,26.0596,0.7532,0.3023
001099.png,26.5873,0.7694,0.3308
001100.png,22.8976,0.6755,0.475
001101.png,32.8528,0.9437,0.4351
001102.png,26.5075,0.9023,0.4387
001103.png,26.3546,0.8903,0.4821
001104.png,26.0629,0.7147,0.6235
001105.png,27.4586,0.802,0.4042
001106.png,25.7089,0.7796,0.4153
001107.png,25.5604,0.7588,0.4377
001108.png,22.1687,0.7602,0.4131
001109.png,23.2911,0.8488,0.4123
001110.png,22.7212,0.8438,0.4094
001111.png,23.2198,0.8349,0.4193
001112.png,27.3229,0.8012,0.4802
001113.png,31.8117,0.8824,0.3111
001114.png,31.4748,0.8592,0.325
001115.png,31.5894,0.8838,0.3306
001116.png,28.4003,0.9101,0.2343
001117.png,27.8501,0.7077,0.5283
001118.png,29.3212,0.7554,0.4965
001119.png,29.3279,0.7623,0.4864
001120.png,26.0701,0.8286,0.3882
001121.png,25.2198,0.8432,0.3205
001122.png,24.5286,0.8458,0.3181
001123.png,25.3919,0.8505,0.3216
001124.png,34.5431,0.9246,0.248
001125.png,28.0998,0.8587,0.3477
001126.png,28.0705,0.8787,0.3258
001127.png,28.1221,0.8819,0.3223
001128.png,31.5856,0.8946,0.4791
001129.png,31.4148,0.8684,0.3677
001130.png,33.0185,0.906,0.3637
001131.png,31.9454,0.8779,0.37
001132.png,20.0594,0.8115,0.3046
001133.png,20.7556,0.8149,0.3065
001134.png,20.8118,0.8121,0.3235
001135.png,20.7272,0.8034,0.3416
001136.png,27.0818,0.9057,0.2284
001137.png,27.9244,0.8497,0.3219
001138.png,27.5976,0.8344,0.365
001139.png,27.2193,0.8158,0.3682
001140.png,27.0825,0.8134,0.3974
001141.png,28.0673,0.7081,0.5161
001142.png,28.2352,0.7224,0.5271
001143.png,28.506,0.7174,0.5454
001144.png,24.4427,0.8311,0.324
001145.png,25.8519,0.8526,0.2816
001146.png,25.6056,0.8223,0.3299
001147.png,26.2869,0.8525,0.2823
001148.png,25.7057,0.7588,0.3948
001149.png,22.9387,0.8202,0.3445
001150.png,22.8684,0.8201,0.3409
001151.png,22.5647,0.8112,0.344
001152.png,21.5409,0.7877,0.4151
001153.png,25.8311,0.7715,0.4274
001154.png,25.623,0.7031,0.4519
001155.png,26.1775,0.7505,0.4247
001156.png,27.7998,0.8944,0.29
001157.png,28.2245,0.6202,0.5708
001158.png,27.8908,0.6073,0.5756
001159.png,28.259,0.6216,0.5763
001160.png,33.9582,0.8684,0.4545
001161.png,32.0419,0.8426,0.5289
001162.png,31.8041,0.8053,0.5477
001163.png,31.666,0.8153,0.5411
001164.png,28.1025,0.7174,0.4171
001165.png,29.7443,0.8288,0.4123
001166.png,31.1186,0.8679,0.3871
001167.png,30.2163,0.8358,0.3948
001168.png,31.1527,0.8613,0.3154
001169.png,27.3462,0.6558,0.5531
001170.png,27.4107,0.6652,0.5326
001171.png,27.1205,0.6648,0.5331
001172.png,32.7744,0.8918,0.2981
001173.png,30.2086,0.8653,0.3545
001174.png,30.6931,0.8959,0.3195
001175.png,32.0502,0.903,0.2933
001176.png,21.521,0.7917,0.3165
001177.png,24.8442,0.862,0.3484
001178.png,26.4627,0.857,0.339
001179.png,27.1819,0.8666,0.354
001180.png,23.9093,0.8543,0.3354
001181.png,25.0684,0.7391,0.429
001182.png,25.2143,0.7414,0.4236
001183.png,25.0625,0.7388,0.4333
001184.png,24.6238,0.7603,0.4258
001185.png,27.0858,0.874,0.2859
001186.png,27.8029,0.8849,0.2859
001187.png,26.0697,0.8538,0.3205
001188.png,22.2571,0.6542,0.4608
001189.png,22.5379,0.7919,0.3771
001190.png,22.7444,0.8013,0.3914
001191.png,22.4903,0.7977,0.3969
001192.png,31.6285,0.853,0.4143
001193.png,37.2231,0.9432,0.3312
001194.png,35.6899,0.9235,0.3359
001195.png,36.04,0.9191,0.3291
001196.png,34.247,0.9001,0.3668
001197.png,31.9499,0.6933,0.6274
001198.png,29.0842,0.5562,0.6837
001199.png,33.8452,0.7743,0.6056
001200.png,27.8598,0.8542,0.3612
001201.png,29.5282,0.7702,0.4542
001202.png,28.1878,0.7304,0.4675
001203.png,29.8702,0.7707,0.4701
001204.png,24.516,0.8246,0.3132
001205.png,30.8414,0.6465,0.6241
001206.png,32.7256,0.8129,0.6656
001207.png,31.002,0.6513,0.6103
001208.png,20.5285,0.3816,0.7505
001209.png,23.1556,0.7704,0.3762
001210.png,22.852,0.7648,0.3757
001211.png,23.3402,0.7738,0.3715
001212.png,26.1142,0.9048,0.2394
001213.png,20.2794,0.7955,0.334
001214.png,20.6581,0.8049,0.3197
001215.png,20.9717,0.8156,0.299
001216.png,25.6352,0.7781,0.4092
001217.png,27.7826,0.839,0.3732
001218.png,27.2374,0.8285,0.3862
001219.png,27.8037,0.8403,0.3868
001220.png,31.1325,0.6877,0.6158
001221.png,28.0888,0.8811,0.3169
001222.png,28.5887,0.8924,0.3152
001223.png,27.6489,0.878,0.3163
001224.png,18.0572,0.6171,0.461
001225.png,33.9695,0.8967,0.4357
001226.png,34.2353,0.8994,0.4423
001227.png,34.1868,0.9027,0.4443
001228.png,36.0628,0.8822,0.4474
001229.png,28.4997,0.957,0.1705
001230.png,28.6823,0.9603,0.1711
001231.png,28.63,0.9592,0.1764
001232.png,25.3833,0.9327,0.2054
001233.png,32.8501,0.9294,0.332
001234.png,31.5102,0.8876,0.3964
001235.png,34.3707,0.9438,0.2951
001236.png,24.0302,0.7771,0.3407
001237.png,32.3717,0.922,0.2526
001238.png,31.0628,0.9122,0.2623
001239.png,32.0827,0.9142,0.2756
001240.png,26.5915,0.7679,0.3983
001241.png,24.6908,0.7483,0.4208
001242.png,24.3232,0.7933,0.3794
001243.png,24.3619,0.7275,0.4358
001244.png,24.7641,0.866,0.353
001245.png,29.1738,0.8855,0.2742
001246.png,29.7815,0.8766,0.2694
001247.png,29.6925,0.888,0.2771
001248.png,27.1943,0.8972,0.2676
001249.png,28.3088,0.6817,0.5431
001250.png,28.7871,0.6972,0.543
001251.png,27.7219,0.6576,0.5501
001252.png,26.3323,0.7783,0.3959
001253.png,28.9055,0.8228,0.4068
001254.png,27.4056,0.8381,0.3933
001255.png,28.4802,0.7969,0.4802
001256.png,27.8113,0.7239,0.4577
001257.png,32.5215,0.7982,0.6707
001258.png,30.7921,0.8272,0.6325
001259.png,33.8842,0.8827,0.6128
001260.png,20.6515,0.7927,0.2659
001261.png,34.2017,0.928,0.2852
001262.png,34.7557,0.9332,0.2668
001263.png,34.6843,0.9305,0.2778
001264.png,25.1761,0.8252,0.3186
001265.png,34.2224,0.8242,0.4284
001266.png,34.0929,0.8298,0.4401
001267.png,32.7236,0.8634,0.3989
001268.png,34.1014,0.8264,0.4857
001269.png,36.699,0.9356,0.3654
001270.png,36.9572,0.9458,0.3672
001271.png,36.4682,0.9357,0.3743
001272.png,27.222,0.8719,0.29
001273.png,29.2841,0.8858,0.2628
001274.png,28.6857,0.872,0.2527
001275.png,29.151,0.8835,0.2445
001276.png,24.0122,0.8574,0.3067
001277.png,25.8494,0.7833,0.3704
001278.png,26.212,0.7985,0.3539
001279.png,26.0846,0.7902,0.3703
001280.png,20.0439,0.7998,0.397
001281.png,22.3396,0.5588,0.535
001282.png,21.5193,0.5538,0.5458
001283.png,22.4666,0.5527,0.5493
001284.png,28.9399,0.8735,0.3192
001285.png,19.0978,0.3788,0.6609
001286.png,19.4948,0.3513,0.695
001287.png,19.4319,0.3581,0.6879
001288.png,33.949,0.9021,0.384
001289.png,23.4518,0.8006,0.3421
001290.png,23.2624,0.8031,0.3451
001291.png,23.0569,0.801,0.3483
001292.png,25.9351,0.8447,0.3821
001293.png,29.4901,0.7984,0.4284
001294.png,30.6442,0.7986,0.4496
001295.png,30.4031,0.8023,0.4255
001296.png,29.7404,0.8544,0.3768
001297.png,30.6586,0.832,0.4431
001298.png,31.9316,0.873,0.381
001299.png,29.0191,0.783,0.4956
001300.png,32.4252,0.8252,0.5088
001301.png,33.5565,0.7827,0.5759
001302.png,32.1937,0.7383,0.5889
001303.png,30.7241,0.6731,0.6058
001304.png,24.8569,0.626,0.5263
001305.png,22.5364,0.5625,0.5058
001306.png,22.2351,0.5751,0.4942
001307.png,22.716,0.5349,0.5097
001308.png,24.6125,0.8855,0.2632
001309.png,25.2592,0.8634,0.259
001310.png,25.5414,0.8614,0.275
001311.png,25.316,0.8566,0.2681
001312.png,16.8094,0.6136,0.4187
001313.png,19.1722,0.7121,0.4238
001314.png,19.1182,0.7096,0.4079
001315.png,19.1826,0.7131,0.4165
001316.png,27.0932,0.7376,0.4844
001317.png,29.2043,0.8536,0.3483
001318.png,29.0049,0.8361,0.3615
001319.png,28.4677,0.8821,0.3006
001320.png,33.9276,0.7771,0.4884
001321.png,35.729,0.7425,0.3092
001322.png,35.136,0.7443,0.3182
001323.png,39.9072,0.6898,0.2534
001324.png,32.7847,0.7312,0.5921
001325.png,24.5946,0.8564,0.2917
001326.png,23.7315,0.8381,0.3218
001327.png,23.9597,0.8388,0.3103
001328.png,31.6645,0.8773,0.3991
001329.png,35.6608,0.8674,0.349
001330.png,34.5514,0.8698,0.334
001331.png,34.0672,0.8595,0.3333
001332.png,22.3385,0.7888,0.3351
001333.png,21.2756,0.4999,0.5494
001334.png,21.0287,0.5048,0.5319
001335.png,21.5182,0.4771,0.5749
001336.png,27.9965,0.7416,0.4304
001337.png,26.937,0.7991,0.4247
001338.png,27.3368,0.8042,0.4242
001339.png,25.961,0.7635,0.4339
001340.png,30.0754,0.8592,0.3796
001341.png,33.2381,0.8472,0.5037
001342.png,35.5365,0.8998,0.4665
001343.png,36.1903,0.9106,0.4561
001344.png,24.2953,0.7135,0.4208
001345.png,22.4371,0.5634,0.5353
001346.png,22.9865,0.561,0.5712
001347.png,23.7528,0.5972,0.5656
001348.png,31.7908,0.9353,0.2742
001349.png,34.8659,0.8733,0.5468
001350.png,31.4301,0.6862,0.6488
001351.png,33.2287,0.7925,0.5836
001352.png,23.0247,0.7253,0.3904
001353.png,30.9732,0.7837,0.5159
001354.png,30.0409,0.769,0.5595
001355.png,30.2023,0.7676,0.5337
001356.png,22.993,0.7511,0.4605
001357.png,24.9816,0.6413,0.3969
001358.png,25.0303,0.6401,0.3961
001359.png,24.8012,0.6135,0.4278
001360.png,21.7388,0.6844,0.5133
001361.png,22.8562,0.3684,0.7055
001362.png,23.4843,0.3626,0.7363
001363.png,23.8766,0.3685,0.748
001364.png,22.8469,0.8208,0.3168
001365.png,25.1232,0.6858,0.5828
001366.png,22.7828,0.7716,0.4913
001367.png,24.2853,0.8266,0.4889
001368.png,34.7664,0.8664,0.4491
001369.png,22.9865,0.7754,0.3976
001370.png,21.8745,0.7319,0.3994
001371.png,23.2955,0.7677,0.4003
001372.png,27.5316,0.8295,0.3452
001373.png,28.2086,0.8929,0.3022
001374.png,27.3152,0.8894,0.3212
001375.png,27.4645,0.8933,0.3145
001376.png,28.1095,0.9034,0.3107
001377.png,25.975,0.7602,0.4339
001378.png,26.3943,0.7593,0.434
001379.png,26.3393,0.7765,0.4164
001380.png,25.8639,0.8335,0.4463
001381.png,24.0937,0.8214,0.2986
001382.png,24.2513,0.825,0.3013
001383.png,23.8684,0.8138,0.3092
001384.png,17.6283,0.6863,0.3538
001385.png,18.5653,0.8355,0.2904
001386.png,18.832,0.8426,0.2566
001387.png,18.7268,0.8385,0.2646
001388.png,21.5693,0.7286,0.4212
001389.png,30.8655,0.723,0.588
001390.png,32.6002,0.7761,0.5576
001391.png,31.63,0.7437,0.5791
001392.png,29.7255,0.8113,0.4267
001393.png,29.3736,0.7779,0.5113
001394.png,30.2997,0.8003,0.5002
001395.png,28.9033,0.7683,0.5166
001396.png,26.331,0.7967,0.3951
001397.png,24.869,0.6085,0.5302
001398.png,24.7709,0.6122,0.5316
001399.png,24.5709,0.6001,0.5316
001400.png,30.2757,0.8855,0.3419
001401.png,33.8634,0.9059,0.3457
001402.png,34.0305,0.8963,0.3664
001403.png,32.8731,0.858,0.3882
001404.png,23.4833,0.6258,0.4803
001405.png,36.1733,0.8947,0.4982
001406.png,35.3631,0.9311,0.4884
001407.png,36.831,0.8945,0.4988
001408.png,32.4485,0.926,0.36
001409.png,35.7147,0.9161,0.346
001410.png,35.7352,0.9163,0.3377
001411.png,35.3278,0.9194,0.3203
001412.png,21.7307,0.8002,0.358
001413.png,21.2686,0.8198,0.3433
001414.png,21.5563,0.8271,0.3406
001415.png,21.3608,0.8219,0.343
001416.png,31.2128,0.7986,0.495
001417.png,26.2532,0.7832,0.4089
001418.png,26.3505,0.7892,0.4012
001419.png,26.7465,0.8086,0.3697
001420.png,25.7935,0.8018,0.4053
001421.png,29.2102,0.8466,0.4112
001422.png,30.3962,0.851,0.4005
001423.png,30.4208,0.8465,0.4196
001424.png,22.2184,0.6859,0.4699
001425.png,26.2222,0.7186,0.4957
001426.png,26.134,0.7413,0.4917
001427.png,26.9596,0.7391,0.5288
001428.png,28.6129,0.9223,0.1818
001429.png,26.5266,0.8961,0.3774
001430.png,27.3769,0.9103,0.3541
001431.png,26.62,0.8927,0.3784
001432.png,34.3719,0.9122,0.3813
001433.png,35.0795,0.936,0.3411
001434.png,35.9333,0.9441,0.3264
001435.png,36.0888,0.9447,0.335
001436.png,29.5872,0.7436,0.447
001437.png,30.2047,0.8119,0.3878
001438.png,29.9386,0.8056,0.3969
001439.png,30.2376,0.8191,0.3689
001440.png,28.2096,0.8973,0.3521
001441.png,28.0811,0.8648,0.3703
001442.png,27.7379,0.852,0.3703
001443.png,26.8326,0.8343,0.3815
001444.png,25.0852,0.8931,0.3132
001445.png,31.1498,0.889,0.2038
001446.png,31.0778,0.8902,0.1919
001447.png,30.8367,0.8915,0.1771
001448.png,25.1388,0.651,0.5061
001449.png,34.3033,0.8438,0.4963
001450.png,32.2059,0.8126,0.4619
001451.png,33.5126,0.8355,0.4967
001452.png,21.9546,0.6794,0.4317
001453.png,30.8843,0.8499,0.3931
001454.png,32.6528,0.8913,0.3762
001455.png,33.2213,0.8833,0.3959
001456.png,25.3117,0.8593,0.3015
001457.png,23.8155,0.845,0.3098
001458.png,24.124,0.8593,0.3175
001459.png,23.5526,0.8306,0.3263
001460.png,24.4856,0.7522,0.42
001461.png,25.4467,0.8509,0.3889
001462.png,24.5759,0.8235,0.3521
001463.png,25.281,0.8429,0.3622
001464.png,23.8922,0.797,0.343
001465.png,35.3306,0.9351,0.303
001466.png,35.8431,0.9324,0.3083
001467.png,35.1943,0.9272,0.3124
001468.png,32.5812,0.9242,0.369
001469.png,26.6526,0.8846,0.3431
001470.png,24.5864,0.8603,0.3544
001471.png,26.3142,0.8927,0.3152
001472.png,31.9828,0.8501,0.4255
001473.png,29.6595,0.6077,0.6331
001474.png,31.7575,0.71,0.5907
001475.png,29.7785,0.6149,0.6169
001476.png,24.3692,0.8419,0.334
001477.png,28.9708,0.8729,0.2907
001478.png,29.3122,0.8841,0.2837
001479.png,30.3305,0.896,0.2808
001480.png,24.5755,0.6864,0.4357
001481.png,27.7222,0.8129,0.3791
001482.png,29.1181,0.8332,0.3442
001483.png,27.3764,0.7982,0.3932
001484.png,31.5769,0.9077,0.3015
001485.png,31.1082,0.8472,0.4301
001486.png,32.9496,0.8881,0.372
001487.png,32.4229,0.8903,0.3575
001488.png,25.0046,0.7741,0.4063
001489.png,21.43,0.8582,0.3313
001490.png,21.5641,0.8458,0.3551
001491.png,22.2622,0.87,0.3126
001492.png,27.0165,0.929,0.2111
001493.png,33.8383,0.8809,0.3564
001494.png,33.7446,0.8613,0.4049
001495.png,32.7141,0.8317,0.4076
001496.png,30.7362,0.8801,0.4396
001497.png,31.1259,0.884,0.373
001498.png,31.7917,0.9035,0.3539
001499.png,32.4129,0.9144,0.3283
001500.png,28.5717,0.6873,0.5422
001501.png,29.4867,0.799,0.4346
001502.png,29.8551,0.8001,0.446
001503.png,29.5098,0.7998,0.4452
001504.png,24.9435,0.671,0.5409
001505.png,26.5086,0.7556,0.5093
001506.png,26.6748,0.7415,0.5032
001507.png,28.3208,0.7865,0.4462
001508.png,22.5555,0.7471,0.4329
001509.png,19.1193,0.6887,0.5052
001510.png,19.2727,0.6916,0.496
001511.png,19.0444,0.6836,0.5066
001512.png,30.1609,0.8169,0.495
001513.png,25.2256,0.7901,0.3078
001514.png,26.0768,0.8093,0.3042
001515.png,26.0068,0.807,0.3115
001516.png,23.4275,0.8564,0.332
001517.png,32.7702,0.9045,0.4065
001518.png,33.0269,0.931,0.389
001519.png,33.4204,0.9376,0.3805
001520.png,27.8028,0.8423,0.3952
001521.png,29.7618,0.8831,0.4014
001522.png,30.6707,0.901,0.383
001523.png,30.5466,0.8978,0.3984
001524.png,28.905,0.9122,0.238
001525.png,39.6399,0.9477,0.3701
001526.png,37.5693,0.9258,0.4122
001527.png,35.3915,0.8984,0.448
001528.png,24.3603,0.7579,0.2742
001529.png,30.5782,0.7179,0.5382
001530.png,29.8465,0.697,0.5509
001531.png,30.5671,0.7071,0.5703
001532.png,33.7533,0.8136,0.5153
001533.png,25.9893,0.8376,0.3785
001534.png,27.1798,0.8594,0.4063
001535.png,26.7979,0.8639,0.3766
001536.png,23.6658,0.8305,0.3247
001537.png,32.1158,0.8912,0.3284
001538.png,32.5174,0.9077,0.3152
001539.png,33.0911,0.9149,0.3138
001540.png,31.5184,0.9266,0.3492
001541.png,25.7844,0.7193,0.4737
001542.png,26.9894,0.7627,0.4362
001543.png,27.0146,0.7663,0.4114
001544.png,24.5338,0.8364,0.3239
001545.png,31.6413,0.8893,0.3577
001546.png,31.0189,0.8771,0.3662
001547.png,32.4311,0.8844,0.366
001548.png,27.6244,0.7977,0.5655
001549.png,26.9441,0.8579,0.3972
001550.png,29.7897,0.8859,0.3991
001551.png,28.9326,0.8392,0.4334
001552.png,21.9733,0.8583,0.3264
001553.png,25.8778,0.7705,0.4086
001554.png,25.6451,0.7573,0.4179
001555.png,25.8965,0.7759,0.4077
001556.png,28.5878,0.846,0.4257
001557.png,18.9207,0.6171,0.4695
001558.png,18.0951,0.6164,0.4607
001559.png,18.828,0.6407,0.4476
001560.png,27.7952,0.8919,0.285
001561.png,24.8181,0.887,0.2951
001562.png,25.2162,0.8823,0.3137
001563.png,25.6221,0.8937,0.3
001564.png,33.5706,0.9329,0.2567
001565.png,29.1729,0.8923,0.2643
001566.png,29.0845,0.8877,0.2707
001567.png,28.6429,0.8693,0.2889
001568.png,30.3663,0.7495,0.4893
001569.png,28.2764,0.638,0.5279
001570.png,28.3684,0.6421,0.5186
001571.png,28.1699,0.6471,0.5234
001572.png,20.2132,0.6997,0.4404
001573.png,20.5057,0.7683,0.3648
001574.png,20.7298,0.7755,0.3603
001575.png,20.4768,0.7659,0.3406
001576.png,26.2521,0.8192,0.3899
001577.png,36.3964,0.9084,0.3115
001578.png,36.0809,0.9095,0.3223
001579.png,35.4951,0.8933,0.3196
001580.png,35.9634,0.9276,0.3593
001581.png,35.1368,0.9275,0.3397
001582.png,35.6855,0.9371,0.3389
001583.png,33.4595,0.9131,0.3466
001584.png,20.7432,0.6992,0.4328
001585.png,23.1648,0.7935,0.3781
001586.png,23.1256,0.8073,0.3719
001587.png,23.3104,0.8141,0.3685
001588.png,30.2174,0.7008,0.5834
001589.png,22.882,0.8118,0.3815
001590.png,22.0376,0.8249,0.3575
001591.png,22.3228,0.826,0.3464
001592.png,25.7149,0.6899,0.4891
001593.png,25.6669,0.5106,0.5748
001594.png,28.6266,0.653,0.5521
001595.png,28.9062,0.6555,0.5675
001596.png,28.5593,0.5488,0.678
001597.png,27.7132,0.8105,0.4322
001598.png,27.1657,0.7898,0.4136
001599.png,27.9554,0.8247,0.4213
001600.png,29.9918,0.7158,0.4426
001601.png,26.1357,0.8334,0.3243
001602.png,23.7309,0.8385,0.3652
001603.png,25.8556,0.8292,0.3287
001604.png,30.5125,0.837,0.3535
001605.png,19.399,0.9,0.1176
001606.png,20.3246,0.9153,0.0999
001607.png,19.6214,0.9024,0.1166
001608.png,27.2511,0.8756,0.2788
001609.png,27.4037,0.8571,0.3558
001610.png,27.0246,0.8766,0.3366
001611.png,26.081,0.8476,0.3783
001612.png,32.7932,0.79,0.5456
001613.png,27.6293,0.8775,0.2743
001614.png,28.847,0.9007,0.2517
001615.png,29.1119,0.904,0.2469
001616.png,27.5854,0.782,0.4515
001617.png,32.0682,0.8629,0.4038
001618.png,29.2967,0.7627,0.4734
001619.png,30.8065,0.838,0.4077
001620.png,30.2792,0.9022,0.2914
001621.png,30.4086,0.831,0.4461
001622.png,30.8942,0.8601,0.42
001623.png,31.7177,0.8741,0.4442
001624.png,23.3017,0.8119,0.3139
001625.png,24.2923,0.8074,0.3656
001626.png,24.9064,0.8114,0.3569
001627.png,24.7442,0.8082,0.3618
001628.png,29.5797,0.8147,0.395
001629.png,28.1756,0.9211,0.2622
001630.png,28.1296,0.9155,0.2939
001631.png,28.1896,0.9184,0.2724
001632.png,23.5018,0.837,0.3437
001633.png,29.1505,0.7063,0.5524
001634.png,29.5397,0.7185,0.5455
001635.png,34.2203,0.9015,0.4262
001636.png,21.4528,0.846,0.312
001637.png,23.9028,0.8333,0.2636
001638.png,22.5435,0.83,0.2632
001639.png,22.9413,0.8309,0.2684
001640.png,27.8998,0.7649,0.4791
001641.png,32.2961,0.8115,0.4008
001642.png,29.9135,0.7885,0.4036
001643.png,33.6978,0.8442,0.3737
001644.png,28.1785,0.8202,0.366
001645.png,31.1505,0.9386,0.2364
001646.png,31.127,0.9388,0.226
001647.png,29.9183,0.9374,0.2174
001648.png,22.9856,0.7572,0.3834
001649.png,30.4767,0.8574,0.3785
001650.png,30.8369,0.8628,0.3668
001651.png,31.6017,0.8791,0.3509
001652.png,33.6995,0.879,0.3838
001653.png,27.391,0.6381,0.5243
001654.png,27.9943,0.6806,0.5089
001655.png,27.7411,0.6791,0.5103
001656.png,29.2172,0.9074,0.3625
001657.png,27.4969,0.8462,0.2921
001658.png,25.7338,0.7767,0.354
001659.png,27.6554,0.8588,0.2888
001660.png,30.5406,0.8605,0.4249
001661.png,30.6283,0.9375,0.2741
001662.png,28.8124,0.8974,0.3369
001663.png,29.0617,0.9112,0.336
001664.png,22.7036,0.7816,0.3955
001665.png,23.4061,0.6749,0.4471
001666.png,24.0676,0.6564,0.4698
001667.png,24.1287,0.7084,0.4399
001668.png,21.6075,0.791,0.3294
001669.png,21.2532,0.3221,0.6352
001670.png,21.4317,0.3065,0.6425
001671.png,22.774,0.3413,0.6685
001672.png,28.5442,0.872,0.2844
001673.png,33.3818,0.9268,0.2741
001674.png,32.5424,0.9191,0.2792
001675.png,32.1378,0.9153,0.2862
001676.png,23.7219,0.8634,0.2295
001677.png,29.3372,0.824,0.376
001678.png,28.4019,0.8238,0.3765
001679.png,25.0996,0.801,0.3426
001680.png,28.8479,0.8347,0.4069
001681.png,28.0933,0.9249,0.3035
001682.png,29.3128,0.9495,0.248
001683.png,27.4086,0.9434,0.2414
001684.png,26.7222,0.8206,0.3199
001685.png,31.6679,0.9088,0.387
001686.png,33.5879,0.9371,0.333
001687.png,33.8676,0.9447,0.3099
001688.png,24.8367,0.6966,0.4427
001689.png,28.6387,0.7125,0.5739
001690.png,28.6308,0.7189,0.5883
001691.png,28.7142,0.7226,0.5933
001692.png,29.5081,0.9287,0.2695
001693.png,27.1113,0.9036,0.2861
001694.png,27.3389,0.9102,0.2841
001695.png,26.7344,0.9072,0.2895
001696.png,28.3295,0.9228,0.3673
001697.png,31.4522,0.7443,0.4959
001698.png,29.2003,0.6449,0.5737
001699.png,25.8204,0.5442,0.595
001700.png,30.5065,0.9187,0.3141
001701.png,29.9167,0.9044,0.3146
001702.png,30.8387,0.9104,0.3656
001703.png,29.0069,0.9027,0.3684
001704.png,27.7068,0.8773,0.339
001705.png,33.1654,0.8966,0.4114
001706.png,35.7631,0.9314,0.3271
001707.png,34.751,0.9123,0.3347
001708.png,24.6566,0.6927,0.4772
001709.png,28.0551,0.8355,0.53
001710.png,29.2994,0.8553,0.544
001711.png,28.3091,0.8132,0.5141
001712.png,26.9805,0.8649,0.3196
001713.png,28.5025,0.8934,0.3407
001714.png,27.8451,0.8759,0.3387
001715.png,28.4631,0.89,0.3361
001716.png,27.1957,0.8543,0.3473
001717.png,30.1611,0.7813,0.49
001718.png,30.557,0.7775,0.4812
001719.png,28.7608,0.7032,0.4942
001720.png,34.4592,0.8967,0.47
001721.png,27.9474,0.8721,0.3566
001722.png,26.4343,0.8575,0.3912
001723.png,26.9503,0.8534,0.3655
001724.png,27.8033,0.8191,0.448
001725.png,24.6083,0.791,0.3952
001726.png,23.9052,0.7714,0.3943
001727.png,23.3834,0.7842,0.4073
001728.png,24.5551,0.8365,0.2735
001729.png,19.4724,0.7096,0.4437
001730.png,19.1156,0.7051,0.4309
001731.png,19.0775,0.7052,0.4134
001732.png,34.8149,0.891,0.387
001733.png,33.4785,0.8403,0.3909
001734.png,34.3197,0.8526,0.3897
001735.png,35.2311,0.8672,0.3882
001736.png,30.1728,0.9142,0.2843
001737.png,28.6566,0.9088,0.3095
001738.png,29.3037,0.9235,0.298
001739.png,28.8136,0.9155,0.3033
001740.png,30.1793,0.8057,0.4542
001741.png,30.0451,0.8563,0.2236
001742.png,28.9016,0.8356,0.2517
001743.png,30.2031,0.8673,0.1933
001744.png,20.767,0.6623,0.4639
001745.png,20.7976,0.7308,0.4901
001746.png,20.7432,0.7198,0.5014
001747.png,20.2751,0.6926,0.4922
001748.png,22.734,0.7292,0.4213
001749.png,25.8327,0.7261,0.4883
001750.png,26.3863,0.724,0.4921
001751.png,26.4689,0.7236,0.4983
001752.png,33.6845,0.8677,0.5314
001753.png,24.0201,0.8427,0.3913
001754.png,23.2776,0.8309,0.3518
001755.png,23.4941,0.8399,0.3544
001756.png,30.0386,0.876,0.2186
001757.png,33.5733,0.8915,0.3391
001758.png,33.3111,0.89,0.3446
001759.png,33.3274,0.8829,0.3604
001760.png,31.1406,0.8144,0.4149
001761.png,25.0826,0.7703,0.3613
001762.png,22.651,0.751,0.3869
001763.png,25.8175,0.7703,0.3713
001764.png,26.0247,0.4838,0.6686
001765.png,28.0864,0.5004,0.6792
001766.png,28.0591,0.501,0.6929
001767.png,28.7727,0.527,0.6821
001768.png,31.9345,0.8438,0.4543
001769.png,26.3859,0.7653,0.4911
001770.png,27.7516,0.8098,0.4591
001771.png,28.3754,0.7608,0.4627
001772.png,21.4436,0.7823,0.39
001773.png,27.0818,0.7157,0.418
001774.png,27.1087,0.7153,0.4123
001775.png,26.5416,0.7026,0.4602
001776.png,19.7057,0.7584,0.4013
001777.png,22.7581,0.8045,0.3888
001778.png,22.9001,0.8374,0.3785
001779.png,22.4517,0.8319,0.3681
001780.png,28.6808,0.7646,0.5093
001781.png,25.2723,0.3911,0.7394
001782.png,25.8267,0.417,0.7354
001783.png,25.6583,0.3999,0.7314
001784.png,27.2029,0.8825,0.3338
001785.png,25.0275,0.8582,0.3123
001786.png,25.1497,0.8577,0.329
001787.png,25.186,0.8564,0.3325
001788.png,28.9076,0.9206,0.227
001789.png,23.5078,0.7428,0.4149
001790.png,24.2178,0.7849,0.4182
001791.png,24.3939,0.7796,0.4169
001792.png,23.1789,0.5889,0.5451
001793.png,22.7852,0.6503,0.4805
001794.png,22.6063,0.6585,0.4691
001795.png,22.417,0.6812,0.4814
001796.png,31.5247,0.8783,0.282
001797.png,27.9127,0.8519,0.3382
001798.png,25.7781,0.8212,0.327
001799.png,27.7382,0.8547,0.3467
001800.png,31.9821,0.8922,0.2607
001801.png,36.1667,0.9025,0.4727
001802.png,35.7361,0.8993,0.4622
001803.png,35.221,0.8807,0.4875
001804.png,32.1252,0.8749,0.3801
001805.png,26.2206,0.8422,0.3776
001806.png,25.3952,0.8238,0.3939
001807.png,26.42,0.8535,0.368
001808.png,28.1429,0.8885,0.2655
001809.png,36.7165,0.8179,0.235
001810.png,35.8217,0.8157,0.2102
001811.png,37.4857,0.8124,0.2344
001812.png,26.182,0.8335,0.3325
001813.png,24.0171,0.8924,0.3071
001814.png,24.33,0.9002,0.2763
001815.png,24.5742,0.8674,0.3393
001816.png,28.0698,0.8899,0.2791
001817.png,32.1145,0.8046,0.3799
001818.png,31.933,0.8301,0.3561
001819.png,31.6946,0.8136,0.4022
001820.png,21.9429,0.7642,0.3956
001821.png,22.2921,0.7665,0.3571
001822.png,21.5528,0.745,0.3641
001823.png,22.2912,0.7397,0.3948
001824.png,27.865,0.7909,0.304
001825.png,38.2482,0.8069,0.3164
001826.png,39.9047,0.8269,0.2909
001827.png,42.946,0.8407,0.3098
001828.png,27.9663,0.6341,0.5902
001829.png,26.4892,0.8735,0.2924
001830.png,26.2634,0.8731,0.3041
001831.png,25.8606,0.8716,0.3142
001832.png,21.2389,0.7299,0.4165
001833.png,25.6305,0.8814,0.3026
001834.png,25.1671,0.8756,0.3031
001835.png,24.6252,0.8694,0.3172
001836.png,22.9648,0.7848,0.3643
001837.png,25.8119,0.796,0.3829
001838.png,25.4825,0.7787,0.365
001839.png,25.1719,0.8354,0.3389
001840.png,25.3271,0.8521,0.3948
001841.png,28.899,0.8381,0.3214
001842.png,29.4429,0.8384,0.3216
001843.png,29.8533,0.8278,0.3154
001844.png,26.9085,0.7436,0.4514
001845.png,31.4358,0.8046,0.4221
001846.png,31.9228,0.8194,0.4205
001847.png,31.6043,0.815,0.4371
001848.png,19.3561,0.8037,0.2805
001849.png,30.3528,0.7484,0.4778
001850.png,30.1219,0.7424,0.4647
001851.png,30.5607,0.7837,0.4405
001852.png,29.1031,0.7142,0.5396
001853.png,29.8571,0.7959,0.4166
001854.png,30.6745,0.8356,0.3641
001855.png,30.215,0.8229,0.3822
001856.png,35.3575,0.9097,0.4208
001857.png,34.3384,0.9199,0.3312
001858.png,34.2669,0.9141,0.3901
001859.png,34.2977,0.8924,0.3892
001860.png,33.0286,0.7928,0.511
001861.png,29.9255,0.6702,0.5776
001862.png,30.7084,0.6933,0.5531
001863.png,30.2532,0.6798,0.5741
001864.png,21.8143,0.6653,0.4547
001865.png,32.7035,0.8498,0.4406
001866.png,32.5743,0.8492,0.4492
001867.png,32.9996,0.8575,0.457
001868.png,27.6482,0.8606,0.3327
001869.png,28.4953,0.8223,0.408
001870.png,29.2672,0.8549,0.3744
001871.png,29.8569,0.8663,0.3635
001872.png,19.4738,0.7162,0.4113
001873.png,22.0758,0.7899,0.3389
001874.png,22.2727,0.7987,0.3288
001875.png,22.0707,0.7977,0.3295
001876.png,26.996,0.8243,0.4203
001877.png,33.7847,0.8607,0.4773
001878.png,33.1101,0.8741,0.4608
001879.png,33.7092,0.8591,0.4733
001880.png,26.0032,0.792,0.374
001881.png,26.041,0.8432,0.376
001882.png,25.6244,0.8301,0.3874
001883.png,26.0826,0.8429,0.3835
001884.png,34.1928,0.9158,0.4854
001885.png,32.1146,0.9145,0.4132
001886.png,31.0715,0.934,0.3913
001887.png,30.6242,0.9173,0.3928
001888.png,23.8192,0.8512,0.3022
001889.png,33.7248,0.9041,0.3631
001890.png,32.9849,0.8887,0.3891
001891.png,33.0165,0.8949,0.3799
001892.png,25.826,0.8015,0.4611
001893.png,24.0739,0.7665,0.3882
001894.png,24.8056,0.7961,0.3713
001895.png,25.7383,0.8351,0.35
001896.png,30.3148,0.9278,0.3113
001897.png,27.0354,0.4669,0.7166
001898.png,27.0626,0.4763,0.7027
001899.png,26.5139,0.4597,0.6995
001900.png,31.8285,0.9305,0.2212
001901.png,33.8293,0.9527,0.2063
001902.png,33.8449,0.9537,0.2183
001903.png,33.4423,0.942,0.2434
001904.png,28.5814,0.85,0.3468
001905.png,28.5594,0.8531,0.3615
001906.png,29.1777,0.8217,0.4055
001907.png,29.1292,0.8231,0.4044
001908.png,18.6079,0.61,0.432
001909.png,31.2006,0.9037,0.2886
001910.png,29.6118,0.8954,0.2905
001911.png,31.158,0.8983,0.3027
001912.png,20.9699,0.8481,0.3873
001913.png,24.377,0.7718,0.3854
001914.png,24.1736,0.7711,0.3939
001915.png,24.6971,0.7593,0.3894
001916.png,21.3556,0.6669,0.4824
001917.png,25.7039,0.8188,0.3448
001918.png,26.7697,0.8253,0.3519
001919.png,25.8311,0.8344,0.3507
001920.png,30.8208,0.9464,0.2038
001921.png,23.8355,0.705,0.4113
001922.png,23.4866,0.6829,0.4295
001923.png,24.0519,0.6963,0.4268
001924.png,26.5582,0.8507,0.3884
001925.png,23.2669,0.2741,0.7203
001926.png,24.0547,0.2824,0.7058
001927.png,23.8033,0.2898,0.721
001928.png,21.82,0.7385,0.407
001929.png,24.0467,0.7642,0.4082
001930.png,24.0734,0.7675,0.4144
001931.png,24.2463,0.7728,0.4196
001932.png,28.6116,0.8262,0.4556
001933.png,27.4399,0.4931,0.693
001934.png,28.0326,0.4978,0.7301
001935.png,29.3418,0.5521,0.7143
001936.png,28.0289,0.7636,0.4326
001937.png,25.3542,0.3839,0.7447
001938.png,25.9599,0.4128,0.6991
001939.png,26.5367,0.4266,0.7272
001940.png,25.072,0.8443,0.3982
001941.png,23.011,0.7642,0.3959
001942.png,24.0293,0.7962,0.3602
001943.png,23.747,0.7899,0.3671
001944.png,26.6709,0.8005,0.4171
001945.png,25.2541,0.8102,0.4047
001946.png,25.8363,0.8381,0.3846
001947.png,24.8394,0.822,0.3897
001948.png,24.2734,0.7275,0.4227
001949.png,27.8031,0.8864,0.2752
001950.png,27.6788,0.8829,0.2723
001951.png,27.6267,0.8857,0.2739
001952.png,21.4391,0.7376,0.4379
001953.png,35.8598,0.922,0.2493
001954.png,35.755,0.9254,0.2407
001955.png,33.0906,0.9227,0.2414
001956.png,21.3423,0.7001,0.4049
001957.png,29.7142,0.6459,0.6377
001958.png,30.4859,0.6723,0.5957
001959.png,30.4554,0.6673,0.6183
001960.png,30.7547,0.8215,0.418
001961.png,31.7578,0.9074,0.2658
001962.png,30.9428,0.9129,0.2228
001963.png,32.0626,0.8987,0.2593
001964.png,23.2237,0.7234,0.4399
001965.png,26.468,0.8329,0.3962
001966.png,27.3198,0.8384,0.402
001967.png,27.0748,0.8388,0.4002
001968.png,34.4878,0.8875,0.4491
001969.png,29.1783,0.6305,0.6007
001970.png,28.7707,0.6078,0.5831
001971.png,29.3192,0.6417,0.5903
001972.png,20.183,0.8336,0.2748
001973.png,22.4292,0.8737,0.2846
001974.png,22.8726,0.8674,0.3123
001975.png,23.783,0.8776,0.303
001976.png,18.2523,0.7629,0.2652
001977.png,21.6072,0.2531,0.8123
001978.png,21.8089,0.2677,0.763
001979.png,21.018,0.2904,0.6943
001980.png,28.7988,0.8481,0.2497
001981.png,24.6545,0.8721,0.3294
001982.png,25.8356,0.9035,0.284
001983.png,24.9118,0.872,0.3154
001984.png,31.4645,0.8525,0.3949
001985.png,31.0355,0.7845,0.4693
001986.png,32.053,0.8202,0.456
001987.png,30.9606,0.7738,0.4799
001988.png,32.4919,0.9412,0.3741
001989.png,34.4179,0.8965,0.4542
001990.png,32.3926,0.8467,0.497
001991.png,34.0035,0.8926,0.4677
001992.png,34.7932,0.9401,0.4255
001993.png,23.7504,0.7516,0.4147
001994.png,24.1022,0.7694,0.4008
001995.png,23.6888,0.7597,0.4086
001996.png,26.4962,0.9205,0.2827
001997.png,30.0048,0.7891,0.4939
001998.png,30.3594,0.8328,0.4252
001999.png,30.0483,0.8088,0.4578
002000.png,22.2519,0.7782,0.4166
002001.png,28.4144,0.5705,0.6102
002002.png,28.9905,0.5892,0.6112
002003.png,29.2316,0.5994,0.613
002004.png,31.311,0.7035,0.5672
002005.png,25.4467,0.8536,0.235
002006.png,24.3101,0.8323,0.2483
002007.png,25.5688,0.8572,0.2333
002008.png,25.3195,0.7234,0.4658
002009.png,28.7417,0.7357,0.5201
002010.png,30.6553,0.76,0.5169
002011.png,30.7193,0.7228,0.543
002012.png,26.8491,0.8701,0.3001
002013.png,31.0141,0.9217,0.2346
002014.png,31.2076,0.9287,0.2214
002015.png,31.6242,0.9373,0.1973
002016.png,30.5181,0.8292,0.4417
002017.png,23.8771,0.8003,0.3396
002018.png,23.3155,0.7838,0.3533
002019.png,23.4383,0.7735,0.3476
002020.png,29.062,0.923,0.2942
002021.png,25.9041,0.7564,0.4261
002022.png,25.9126,0.7332,0.4661
002023.png,26.2801,0.7831,0.439
002024.png,20.0045,0.7427,0.3505
002025.png,26.994,0.7296,0.5425
002026.png,26.9198,0.7387,0.4998
002027.png,26.5517,0.7508,0.4971
002028.png,20.954,0.6678,0.4122
002029.png,28.2762,0.7542,0.4977
002030.png,28.3929,0.7734,0.4689
002031.png,29.4819,0.7801,0.4854
002032.png,23.1152,0.7219,0.3974
002033.png,27.046,0.8048,0.3339
002034.png,26.6349,0.7973,0.3245
002035.png,27.0021,0.8049,0.3255
002036.png,35.3538,0.8959,0.4851
002037.png,28.0675,0.5137,0.679
002038.png,25.0951,0.4201,0.6351
002039.png,27.2319,0.4903,0.6586
002040.png,19.8513,0.6468,0.43
002041.png,17.3316,0.5881,0.5031
002042.png,17.7704,0.5811,0.4924
002043.png,17.3876,0.5873,0.51
002044.png,24.1884,0.8052,0.4284
002045.png,23.3423,0.8107,0.3845
002046.png,23.1532,0.798,0.4084
002047.png,23.4886,0.7338,0.5152
002048.png,27.8758,0.8713,0.2874
002049.png,33.0904,0.8971,0.3152
002050.png,34.1492,0.9134,0.2995
002051.png,33.1759,0.9002,0.3248
002052.png,25.4298,0.8699,0.2812
002053.png,25.1146,0.8417,0.3517
002054.png,25.0939,0.8577,0.3599
002055.png,25.2837,0.8614,0.3515
002056.png,30.2275,0.8961,0.1764
002057.png,28.5265,0.9078,0.2139
002058.png,28.4464,0.8944,0.2346
002059.png,29.2095,0.9149,0.1988
002060.png,23.6829,0.8945,0.2985
002061.png,28.6136,0.7565,0.497
002062.png,27.6436,0.7394,0.4843
002063.png,28.3484,0.7515,0.507
002064.png,27.1033,0.5004,0.6608
002065.png,23.1636,0.7925,0.4334
002066.png,22.9323,0.774,0.4373
002067.png,23.2612,0.8033,0.4194
002068.png,24.8657,0.7661,0.4051
002069.png,36.2058,0.9186,0.2985
002070.png,37.0197,0.9255,0.2902
002071.png,35.8894,0.9079,0.3002
002072.png,20.8196,0.7518,0.3598
002073.png,19.238,0.7784,0.3552
002074.png,19.4584,0.7869,0.3918
002075.png,18.9768,0.7863,0.3809
002076.png,27.0036,0.7486,0.4681
002077.png,25.9052,0.9205,0.212
002078.png,25.8225,0.9221,0.2153
002079.png,25.1466,0.9077,0.2447
002080.png,22.4976,0.7862,0.3573
002081.png,29.791,0.5957,0.6691
002082.png,28.8194,0.5543,0.6851
002083.png,30.224,0.6077,0.6794
002084.png,30.4547,0.8575,0.3719
002085.png,26.436,0.651,0.4701
002086.png,26.7701,0.6813,0.4752
002087.png,26.7913,0.6844,0.4677
002088.png,24.8338,0.7918,0.3997
002089.png,34.3915,0.8612,0.4771
002090.png,31.8392,0.7977,0.528
002091.png,35.3575,0.8715,0.4607
002092.png,23.115,0.832,0.3286
002093.png,30.916,0.9301,0.2656
002094.png,29.9078,0.9163,0.2781
002095.png,30.1152,0.9138,0.3013
002096.png,26.7476,0.846,0.3302
002097.png,29.9118,0.7088,0.546
002098.png,30.558,0.7233,0.5374
002099.png,29.5738,0.679,0.5606
002100.png,29.2254,0.5803,0.6575
002101.png,29.1758,0.877,0.3272
002102.png,29.4055,0.8876,0.3245
002103.png,28.585,0.8661,0.3377
002104.png,32.062,0.9043,0.3898
002105.png,32.3223,0.7903,0.5635
002106.png,30.3826,0.6581,0.6348
002107.png,29.3397,0.6223,0.6245
002108.png,27.0771,0.4686,0.6731
002109.png,26.3863,0.8679,0.3358
002110.png,26.0298,0.8585,0.3358
002111.png,26.6402,0.8746,0.3167
002112.png,28.0109,0.9127,0.2222
002113.png,27.8164,0.8306,0.3588
002114.png,29.0693,0.8683,0.3222
002115.png,28.4722,0.8582,0.3425
002116.png,31.4676,0.8933,0.3956
002117.png,20.8306,0.6683,0.4281
002118.png,20.3966,0.6612,0.4439
002119.png,20.1544,0.6752,0.4456
002120.png,26.9869,0.8853,0.2676
002121.png,27.6184,0.7893,0.4054
002122.png,28.6846,0.814,0.3839
002123.png,28.5763,0.8024,0.3932
002124.png,19.6816,0.7926,0.3484
002125.png,20.2148,0.8013,0.3239
002126.png,20.1427,0.8099,0.3235
002127.png,19.4747,0.7948,0.3255
002128.png,22.8275,0.7956,0.343
002129.png,30.3688,0.8755,0.4197
002130.png,31.3249,0.8997,0.4141
002131.png,30.6482,0.8497,0.4243
002132.png,26.4987,0.8571,0.3271
002133.png,21.5981,0.726,0.4172
002134.png,22.0041,0.7628,0.4053
002135.png,22.4521,0.7505,0.4307
002136.png,21.8348,0.7682,0.3654
002137.png,26.9177,0.8672,0.2831
002138.png,26.7076,0.864,0.2912
002139.png,27.2846,0.8751,0.2734
002140.png,28.3817,0.8393,0.3617
002141.png,34.6295,0.9138,0.4691
002142.png,32.9379,0.8646,0.5212
002143.png,28.1673,0.5846,0.5799
002144.png,28.0,0.8454,0.3592
002145.png,21.594,0.6734,0.4682
002146.png,23.1162,0.7016,0.4417
002147.png,22.2637,0.6916,0.4429
002148.png,34.3537,0.9238,0.2674
002149.png,34.7993,0.8834,0.3585
002150.png,35.0753,0.9012,0.3913
002151.png,34.1424,0.8801,0.3946
002152.png,24.3021,0.8082,0.3698
002153.png,24.9708,0.3647,0.736
002154.png,24.9563,0.3615,0.7387
002155.png,25.569,0.3782,0.7554
002156.png,25.2296,0.8516,0.3322
002157.png,29.0156,0.7845,0.403
002158.png,27.2667,0.6893,0.4858
002159.png,28.6713,0.7377,0.4686
002160.png,25.6272,0.7631,0.5009
002161.png,22.7145,0.7314,0.4297
002162.png,23.3612,0.7527,0.4286
002163.png,23.1241,0.7434,0.4212
002164.png,23.4152,0.8001,0.3965
002165.png,30.9267,0.829,0.4577
002166.png,32.3246,0.861,0.4229
002167.png,31.7196,0.8473,0.4501
002168.png,31.3013,0.8352,0.4052
002169.png,28.7786,0.9052,0.3191
002170.png,31.2731,0.9459,0.2429
002171.png,31.0469,0.9419,0.2483
002172.png,26.3493,0.8381,0.3826
002173.png,24.7126,0.9226,0.2725
002174.png,24.6559,0.9169,0.2746
002175.png,25.4034,0.918,0.2705
002176.png,30.3211,0.9262,0.1858
002177.png,27.1247,0.7021,0.5525
002178.png,27.0121,0.7015,0.5697
002179.png,27.0775,0.6954,0.5504
002180.png,23.7077,0.7676,0.4221
002181.png,28.9915,0.8803,0.3086
002182.png,28.2416,0.8725,0.2957
002183.png,28.5845,0.8867,0.2988
002184.png,23.9989,0.8352,0.3503
002185.png,32.3639,0.8977,0.3804
002186.png,31.7212,0.8911,0.3778
002187.png,31.6305,0.8914,0.3838
002188.png,22.1996,0.7711,0.3832
002189.png,24.4034,0.8129,0.3881
002190.png,23.4454,0.7804,0.425
002191.png,25.1389,0.8412,0.3822
002192.png,30.0294,0.7696,0.5088
002193.png,32.2415,0.7725,0.5389
002194.png,33.0407,0.7805,0.531
002195.png,32.3925,0.7734,0.5348
002196.png,23.2506,0.8609,0.3047
002197.png,33.2412,0.906,0.2839
002198.png,31.9016,0.8956,0.2814
002199.png,33.6248,0.9104,0.2746
002200.png,24.4706,0.7117,0.485
002201.png,26.099,0.8559,0.3395
002202.png,26.0055,0.8525,0.3441
002203.png,26.1542,0.8565,0.3473
002204.png,18.1101,0.8988,0.2262
002205.png,20.1025,0.8671,0.3036
002206.png,19.9715,0.8705,0.2947
002207.png,20.0979,0.8697,0.3078
002208.png,21.9634,0.6158,0.4397
002209.png,23.8953,0.7508,0.3789
002210.png,24.5508,0.7696,0.373
002211.png,24.195,0.7563,0.3546
002212.png,24.1718,0.4762,0.7081
002213.png,34.3975,0.8706,0.3277
002214.png,33.693,0.8695,0.3299
002215.png,33.4457,0.8688,0.3321
002216.png,30.1965,0.8422,0.2253
002217.png,38.7649,0.7703,0.2737
002218.png,37.3564,0.7984,0.2906
002219.png,35.6316,0.7971,0.3317
002220.png,31.5995,0.7869,0.4995
002221.png,36.0882,0.9233,0.3552
002222.png,35.7176,0.9123,0.3721
002223.png,36.5492,0.9239,0.3476
002224.png,44.139,0.7831,0.3427
002225.png,41.5607,0.8624,0.3219
002226.png,41.437,0.8684,0.3458
002227.png,41.903,0.87,0.2995
002228.png,21.7671,0.8214,0.2864
002229.png,31.7276,0.842,0.43
002230.png,32.1977,0.8444,0.4542
002231.png,31.0906,0.8301,0.4295
002232.png,29.6605,0.7681,0.4559
002233.png,28.981,0.8198,0.3636
002234.png,28.7069,0.8131,0.3704
002235.png,28.0836,0.7816,0.4116
002236.png,21.7297,0.8362,0.3053
002237.png,23.4918,0.8391,0.3273
002238.png,22.7501,0.8263,0.3399
002239.png,22.54,0.8299,0.3087
002240.png,32.526,0.8555,0.3984
002241.png,26.6252,0.4582,0.7373
002242.png,26.6099,0.4664,0.714
002243.png,26.4515,0.4677,0.7037
002244.png,20.7586,0.8715,0.4005
002245.png,33.7856,0.8515,0.409
002246.png,31.9505,0.849,0.4142
002247.png,32.1723,0.8214,0.4049
002248.png,22.5472,0.8575,0.2699
002249.png,29.0943,0.9222,0.3029
002250.png,28.3102,0.9121,0.3073
002251.png,28.0154,0.9042,0.3358
002252.png,23.3597,0.747,0.3947
002253.png,26.1591,0.6626,0.5159
002254.png,25.9885,0.6566,0.5105
002255.png,25.8639,0.6577,0.5219
002256.png,24.7416,0.6758,0.4374
002257.png,19.9147,0.8674,0.2629
002258.png,20.4709,0.8699,0.2566
002259.png,20.0382,0.871,0.2479
002260.png,21.3874,0.7897,0.3336
002261.png,31.5884,0.8503,0.3825
002262.png,30.4635,0.7936,0.4699
002263.png,32.4097,0.863,0.3488
002264.png,21.1404,0.8992,0.2917
002265.png,25.5785,0.9036,0.2277
002266.png,26.4286,0.9087,0.2514
002267.png,26.2005,0.9156,0.2107
002268.png,27.1438,0.9106,0.3347
002269.png,33.6494,0.9141,0.3488
002270.png,34.229,0.9105,0.368
002271.png,33.509,0.8998,0.3542
002272.png,29.1721,0.9456,0.2205
002273.png,36.7821,0.8961,0.3417
002274.png,37.2173,0.8962,0.357
002275.png,37.3698,0.9026,0.348
002276.png,32.2313,0.8478,0.4078
002277.png,26.7704,0.501,0.6435
002278.png,28.7868,0.5699,0.6448
002279.png,29.2089,0.5909,0.6349
002280.png,31.7725,0.9446,0.2588
002281.png,24.8445,0.8923,0.3016
002282.png,24.9575,0.9013,0.2968
002283.png,24.5319,0.8936,0.2985
002284.png,25.6682,0.7623,0.3825
002285.png,23.6004,0.7943,0.3256
002286.png,23.5949,0.8046,0.3256
002287.png,23.7763,0.8101,0.3143
002288.png,28.7952,0.9036,0.3379
002289.png,29.4342,0.9048,0.3302
002290.png,29.7117,0.9089,0.3164
002291.png,29.6832,0.9012,0.3191
002292.png,26.8736,0.604,0.3349
002293.png,24.7648,0.8502,0.347
002294.png,24.5836,0.8454,0.3531
002295.png,24.839,0.8555,0.3523
002296.png,29.4968,0.8579,0.3371
002297.png,29.327,0.8608,0.321
002298.png,29.6023,0.8626,0.3262
002299.png,28.2317,0.8194,0.3665
002300.png,25.9522,0.7112,0.4925
002301.png,32.9533,0.8443,0.4595
002302.png,33.0535,0.8515,0.4479
002303.png,31.671,0.8141,0.4837
002304.png,26.2906,0.8011,0.4674
002305.png,27.1194,0.6555,0.5451
002306.png,26.6063,0.6553,0.5205
002307.png,26.7921,0.6561,0.5258
002308.png,27.0155,0.8755,0.3269
002309.png,28.9992,0.8826,0.3225
002310.png,28.9719,0.8776,0.3356
002311.png,28.8464,0.8708,0.3375
002312.png,31.1779,0.9357,0.2949
002313.png,26.8209,0.9135,0.2454
002314.png,27.7794,0.9274,0.2668
002315.png,26.2421,0.902,0.2689
002316.png,26.4258,0.8705,0.3093
002317.png,18.9509,0.6679,0.4118
002318.png,19.2986,0.6718,0.4262
002319.png,19.4754,0.6807,0.4435
002320.png,28.3576,0.8694,0.4525
002321.png,26.0173,0.8318,0.3411
002322.png,25.5862,0.8192,0.3494
002323.png,24.808,0.8653,0.2954
002324.png,30.8568,0.8668,0.3402
002325.png,30.2241,0.8351,0.4027
002326.png,30.0108,0.8201,0.4097
002327.png,31.1019,0.86,0.364
002328.png,24.1692,0.6202,0.4619
002329.png,30.4926,0.588,0.5168
002330.png,30.3798,0.5851,0.5151
002331.png,26.0422,0.45,0.5385
002332.png,29.0193,0.664,0.5324
002333.png,35.4163,0.8498,0.4798
002334.png,36.1557,0.8749,0.4403
002335.png,34.6988,0.8391,0.4646
002336.png,21.4976,0.7124,0.4024
002337.png,28.985,0.5751,0.6659
002338.png,27.7633,0.5152,0.6745
002339.png,28.4458,0.5337,0.6835
002340.png,26.8239,0.7159,0.5038
002341.png,29.3651,0.7722,0.4775
002342.png,29.8948,0.7842,0.4587
002343.png,30.305,0.7963,0.4299
002344.png,30.5984,0.91,0.3136
002345.png,32.3554,0.8506,0.4106
002346.png,32.4313,0.8527,0.3969
002347.png,32.4008,0.8422,0.4004
002348.png,27.4255,0.8842,0.3436
002349.png,25.3788,0.734,0.4604
002350.png,25.985,0.7542,0.4578
002351.png,25.4063,0.7164,0.485
002352.png,27.4136,0.8871,0.286
002353.png,34.4051,0.9118,0.3826
002354.png,35.5631,0.9248,0.3659
002355.png,35.0042,0.9136,0.3958
002356.png,30.4167,0.9059,0.2749
002357.png,39.687,0.8823,0.3328
002358.png,37.7785,0.9219,0.3085
002359.png,41.8799,0.8991,0.2562
002360.png,19.9606,0.7885,0.3712
002361.png,24.8009,0.8594,0.3109
002362.png,24.2057,0.8354,0.3395
002363.png,24.4891,0.8468,0.3124
002364.png,26.4882,0.7855,0.333
002365.png,33.5127,0.9363,0.201
002366.png,33.4306,0.9358,0.2195
002367.png,32.8479,0.9388,0.2048
002368.png,27.9665,0.8503,0.391
002369.png,33.6048,0.9025,0.2974
002370.png,34.6996,0.9141,0.2873
002371.png,33.827,0.913,0.2839
002372.png,28.3149,0.9196,0.2398
002373.png,28.991,0.8943,0.3083
002374.png,29.8585,0.8965,0.2854
002375.png,28.6072,0.864,0.3526
002376.png,37.2969,0.9253,0.3464
002377.png,25.0824,0.7839,0.4147
002378.png,24.8082,0.7645,0.431
002379.png,24.1159,0.7469,0.4444
002380.png,30.4363,0.8797,0.3958
002381.png,26.1928,0.469,0.6555
002382.png,26.2174,0.4735,0.6532
002383.png,26.3214,0.469,0.6706
002384.png,32.8882,0.8824,0.4182
002385.png,22.0434,0.3836,0.5292
002386.png,22.2541,0.3922,0.5395
002387.png,21.9112,0.3717,0.5488
002388.png,24.3901,0.832,0.3791
002389.png,24.6109,0.65,0.4986
002390.png,24.4349,0.6508,0.5095
002391.png,25.9135,0.6744,0.5186
002392.png,32.7262,0.8411,0.5516
002393.png,20.4502,0.777,0.3141
002394.png,20.3882,0.7722,0.3212
002395.png,20.0738,0.7643,0.3329
002396.png,25.8566,0.8266,0.3685
002397.png,27.9398,0.7151,0.4804
002398.png,27.9721,0.7189,0.4721
002399.png,28.365,0.7225,0.4698
002400.png,23.6424,0.8058,0.3802
002401.png,21.2449,0.7038,0.4385
002402.png,21.1532,0.6918,0.4284
002403.png,21.073,0.6821,0.449
002404.png,23.6924,0.8468,0.3358
002405.png,32.9385,0.904,0.401
002406.png,32.0699,0.862,0.4283
002407.png,33.683,0.9109,0.4008
002408.png,30.823,0.8642,0.4926
002409.png,21.3964,0.7422,0.3637
002410.png,21.887,0.7557,0.3599
002411.png,21.1306,0.7173,0.411
002412.png,26.617,0.8291,0.3643
002413.png,33.601,0.9097,0.4557
002414.png,33.5916,0.8699,0.496
002415.png,33.46,0.8608,0.5264
002416.png,21.0553,0.8019,0.3166
002417.png,26.3873,0.8271,0.2743
002418.png,27.4393,0.8564,0.2638
002419.png,27.73,0.8416,0.2725
002420.png,32.553,0.8167,0.449
002421.png,30.4602,0.8488,0.3924
002422.png,31.9439,0.9001,0.3408
002423.png,31.8217,0.8913,0.3509
002424.png,35.9313,0.9044,0.3195
002425.png,33.9913,0.9039,0.4103
002426.png,34.8221,0.9105,0.3852
002427.png,33.8636,0.8973,0.405
002428.png,27.6962,0.8176,0.4291
002429.png,27.5872,0.8232,0.3935
002430.png,28.1419,0.8251,0.4197
002431.png,26.5788,0.7964,0.422
002432.png,29.4517,0.8911,0.3562
002433.png,27.8523,0.8142,0.3881
002434.png,26.8673,0.7831,0.4077
002435.png,26.186,0.7681,0.3906
002436.png,22.9882,0.7665,0.4247
002437.png,21.1957,0.2977,0.7052
002438.png,20.7471,0.2791,0.7451
002439.png,20.4568,0.2716,0.7485
002440.png,27.9025,0.7768,0.4503
002441.png,29.409,0.9163,0.3062
002442.png,29.503,0.9168,0.2943
002443.png,29.7384,0.9115,0.2955
002444.png,31.8782,0.9125,0.3387
002445.png,30.1086,0.842,0.3622
002446.png,29.4509,0.8187,0.3784
002447.png,27.7366,0.7631,0.4451
002448.png,29.4734,0.8068,0.4552
002449.png,32.7914,0.8751,0.4298
002450.png,32.5716,0.8671,0.435
002451.png,32.2763,0.8538,0.4401
002452.png,33.2569,0.9254,0.3396
002453.png,26.7316,0.8915,0.2778
002454.png,27.0709,0.8939,0.2682
002455.png,28.211,0.9174,0.2691
002456.png,32.5566,0.7958,0.5285
002457.png,23.8401,0.8647,0.2548
002458.png,23.0367,0.8536,0.2562
002459.png,24.1617,0.8773,0.2425
002460.png,36.8229,0.9045,0.3492
002461.png,33.1776,0.8986,0.2928
002462.png,33.1601,0.9056,0.3012
002463.png,33.3552,0.8973,0.3016
002464.png,32.136,0.7187,0.5504
002465.png,26.8487,0.8437,0.3332
002466.png,26.6794,0.8572,0.319
002467.png,25.8077,0.8224,0.324
002468.png,16.6205,0.6665,0.4251
002469.png,29.1567,0.6669,0.4662
002470.png,29.1701,0.6366,0.5063
002471.png,28.1757,0.4939,0.6163
002472.png,21.8433,0.835,0.2636
002473.png,17.991,0.8204,0.2992
002474.png,18.1175,0.8157,0.3032
002475.png,17.9995,0.8156,0.3242
002476.png,28.79,0.8111,0.4156
002477.png,34.226,0.92,0.3315
002478.png,34.08,0.9252,0.2986
002479.png,34.4544,0.9304,0.3094
002480.png,25.3856,0.7871,0.4086
002481.png,29.5516,0.9251,0.403
002482.png,31.4544,0.9277,0.4305
002483.png,29.1318,0.9212,0.398
002484.png,35.3026,0.9509,0.2428
002485.png,32.8875,0.7995,0.4831
002486.png,32.9989,0.8021,0.503
002487.png,30.7829,0.7567,0.5326
002488.png,26.3575,0.8552,0.4045
002489.png,29.434,0.6816,0.5661
002490.png,30.1795,0.7313,0.5058
002491.png,29.2509,0.6927,0.5396
002492.png,24.9774,0.6921,0.4872
002493.png,22.4734,0.7294,0.4469
002494.png,21.4979,0.7045,0.4239
002495.png,21.7736,0.7125,0.415
002496.png,21.2843,0.7926,0.3826
002497.png,29.8985,0.7787,0.4726
002498.png,29.299,0.766,0.4887
002499.png,30.7559,0.8082,0.4478
002500.png,27.3697,0.8889,0.2864
002501.png,25.3545,0.724,0.5025
002502.png,25.3723,0.7206,0.5088
002503.png,25.3877,0.7166,0.5219
002504.png,26.2919,0.8481,0.3312
002505.png,36.64,0.918,0.3809
002506.png,37.1272,0.9183,0.3871
002507.png,37.6883,0.9321,0.4104
002508.png,26.9321,0.7828,0.3688
002509.png,21.9938,0.5247,0.6066
002510.png,21.6501,0.5546,0.5858
002511.png,21.632,0.5259,0.595
002512.png,24.9575,0.8414,0.2788
002513.png,30.8509,0.8213,0.1627
002514.png,30.2488,0.8223,0.1974
002515.png,30.807,0.8232,0.1817
002516.png,29.5589,0.8246,0.5215
002517.png,23.4442,0.3454,0.7957
002518.png,23.3501,0.3476,0.764
002519.png,23.5155,0.3741,0.7428
002520.png,27.7916,0.8154,0.3911
002521.png,31.3136,0.6661,0.6309
002522.png,32.1012,0.7142,0.6149
002523.png,31.2004,0.6659,0.6367
002524.png,24.3982,0.7026,0.3855
002525.png,25.1915,0.854,0.3178
002526.png,24.2764,0.8112,0.3694
002527.png,24.6508,0.8295,0.3481
002528.png,27.2218,0.9249,0.2882
002529.png,35.3368,0.9397,0.3319
002530.png,36.232,0.9482,0.362
002531.png,36.3119,0.9491,0.3515
002532.png,26.7312,0.8019,0.3588
002533.png,18.3509,0.5893,0.593
002534.png,18.0497,0.5727,0.5685
002535.png,18.0469,0.5799,0.5892
002536.png,23.0867,0.77,0.4449
002537.png,10.6769,0.3306,0.6
002538.png,22.4975,0.3104,0.7297
002539.png,10.7502,0.3333,0.606
002540.png,20.1157,0.8614,0.2835
002541.png,20.6206,0.9248,0.1443
002542.png,20.2692,0.9187,0.1463
002543.png,20.5224,0.9234,0.1335
002544.png,24.6786,0.8058,0.3759
002545.png,26.8302,0.8084,0.4183
002546.png,28.5778,0.8401,0.4016
002547.png,26.913,0.7233,0.462
002548.png,26.4997,0.8214,0.356
002549.png,29.698,0.8988,0.2943
002550.png,30.0816,0.9031,0.2835
002551.png,30.1422,0.8956,0.2727
002552.png,27.2805,0.8447,0.4589
002553.png,29.3137,0.7115,0.5479
002554.png,30.123,0.726,0.5348
002555.png,29.6674,0.705,0.5589
002556.png,31.0846,0.9406,0.3204
002557.png,26.8773,0.8345,0.3454
002558.png,27.886,0.8552,0.3357
002559.png,27.2356,0.8679,0.3183
002560.png,24.838,0.8963,0.2874
002561.png,26.9808,0.8302,0.4032
002562.png,27.5451,0.8335,0.4085
002563.png,27.0883,0.8337,0.4118
002564.png,25.7402,0.5264,0.6151
002565.png,24.1958,0.5052,0.5899
002566.png,24.422,0.4851,0.6153
002567.png,25.1757,0.509,0.5844
002568.png,29.2421,0.8605,0.3591
002569.png,34.5592,0.8186,0.5695
002570.png,26.6961,0.592,0.6626
002571.png,27.4619,0.6125,0.6698
002572.png,32.636,0.9342,0.2408
002573.png,30.6025,0.7825,0.4925
002574.png,33.6375,0.8887,0.3532
002575.png,32.2396,0.8367,0.4662
002576.png,23.3837,0.707,0.4213
002577.png,30.0386,0.8717,0.3226
002578.png,30.5156,0.8727,0.3105
002579.png,28.6634,0.8193,0.3695
002580.png,20.8792,0.7481,0.4092
002581.png,24.1678,0.6395,0.5254
002582.png,22.8445,0.6029,0.5571
002583.png,23.2204,0.6155,0.5318
002584.png,27.1407,0.8877,0.3002
002585.png,31.1118,0.899,0.2806
002586.png,31.4299,0.8969,0.2672
002587.png,30.6698,0.8984,0.289
002588.png,25.1936,0.9036,0.221
002589.png,27.4381,0.9092,0.2741
002590.png,28.4399,0.9162,0.2883
002591.png,27.2034,0.9144,0.2588
002592.png,33.2618,0.8952,0.3608
002593.png,31.0862,0.7219,0.563
002594.png,31.4193,0.7268,0.5625
002595.png,33.1893,0.8013,0.552
002596.png,38.6764,0.9522,0.2427
002597.png,26.1027,0.9039,0.2122
002598.png,25.4573,0.892,0.2238
002599.png,25.1994,0.8879,0.2301
002600.png,30.4101,0.8502,0.3806
002601.png,28.3312,0.7471,0.491
002602.png,27.9295,0.7282,0.5131
002603.png,27.9489,0.7424,0.4933
002604.png,29.3726,0.7366,0.5208
002605.png,23.1067,0.3752,0.6952
002606.png,25.5689,0.4265,0.6977
002607.png,22.9983,0.3704,0.6975
002608.png,34.1124,0.8983,0.4719
002609.png,30.9751,0.9435,0.216
002610.png,29.6136,0.9344,0.2218
002611.png,29.9601,0.9431,0.223
002612.png,29.4111,0.805,0.4372
002613.png,31.5801,0.8709,0.3704
002614.png,31.366,0.8764,0.367
002615.png,31.4417,0.8785,0.3528
002616.png,23.562,0.7811,0.4147
002617.png,26.7799,0.8225,0.3281
002618.png,26.9007,0.8207,0.346
002619.png,26.7908,0.8379,0.3208
002620.png,23.7012,0.4068,0.6662
002621.png,30.8731,0.8278,0.4655
002622.png,30.4593,0.8134,0.4816
002623.png,29.6272,0.7903,0.4988
002624.png,26.7873,0.4945,0.6673
002625.png,24.7252,0.521,0.6013
002626.png,25.6262,0.5412,0.5893
002627.png,25.1087,0.5348,0.6018
002628.png,32.891,0.9134,0.3665
002629.png,28.4293,0.8432,0.2946
002630.png,29.0594,0.8421,0.3057
002631.png,29.1273,0.8458,0.3008
002632.png,25.5825,0.8223,0.36
002633.png,23.3808,0.4306,0.6222
002634.png,22.7228,0.4366,0.6063
002635.png,20.6132,0.4101,0.6127
002636.png,22.2908,0.8177,0.3221
002637.png,10.763,0.3381,0.6007
002638.png,10.6944,0.3293,0.5941
002639.png,10.7293,0.334,0.6059
002640.png,24.2147,0.8101,0.3076
002641.png,21.6056,0.7767,0.3728
002642.png,21.8286,0.7709,0.3869
002643.png,21.5148,0.7706,0.3716
002644.png,29.9877,0.9104,0.3163
002645.png,33.6264,0.8976,0.4327
002646.png,33.0893,0.8914,0.4138
002647.png,30.882,0.8365,0.4987
002648.png,28.8802,0.8199,0.3868
002649.png,24.5062,0.3797,0.7053
002650.png,24.3063,0.3796,0.6822
002651.png,25.0335,0.3895,0.706
002652.png,30.0354,0.8451,0.5694
002653.png,23.0966,0.7234,0.4253
002654.png,23.1611,0.7573,0.4158
002655.png,22.6807,0.707,0.4312
002656.png,26.372,0.7812,0.4086
002657.png,30.2606,0.8299,0.4215
002658.png,29.7262,0.8066,0.4293
002659.png,30.4939,0.8377,0.4144
002660.png,26.8588,0.8033,0.4433
002661.png,32.6782,0.8939,0.3898
002662.png,32.8212,0.8906,0.4108
002663.png,32.8252,0.8983,0.4003
002664.png,30.2139,0.9121,0.2546
002665.png,27.0982,0.8513,0.3169
002666.png,26.6045,0.8361,0.3461
002667.png,26.0891,0.8278,0.3334
002668.png,25.942,0.7431,0.4777
002669.png,25.0251,0.7839,0.441
002670.png,25.6931,0.7688,0.4563
002671.png,25.3762,0.7972,0.42
002672.png,21.7401,0.8005,0.328
002673.png,27.9811,0.8275,0.5174
002674.png,27.1737,0.803,0.5361
002675.png,25.635,0.8146,0.4378
002676.png,29.8258,0.7278,0.4553
002677.png,27.856,0.7482,0.4593
002678.png,28.1445,0.7789,0.416
002679.png,27.4851,0.7687,0.4297
002680.png,26.5216,0.8354,0.3525
002681.png,20.2666,0.8326,0.2833
002682.png,20.8796,0.8277,0.2929
002683.png,20.3402,0.8445,0.2789
002684.png,24.7072,0.7969,0.3436
002685.png,30.935,0.9139,0.4256
002686.png,30.6137,0.9095,0.4505
002687.png,33.0345,0.9164,0.3794
002688.png,26.5235,0.8503,0.3672
002689.png,26.2172,0.8268,0.3145
002690.png,25.684,0.8187,0.3333
002691.png,25.9181,0.8063,0.3671
002692.png,34.4486,0.8871,0.5274
002693.png,35.6315,0.919,0.4511
002694.png,22.6395,0.3443,0.7213
002695.png,22.8192,0.3506,0.7202
002696.png,29.6592,0.8022,0.4194
002697.png,25.278,0.3902,0.7454
002698.png,24.4078,0.3681,0.7353
002699.png,24.1008,0.4039,0.6604
002700.png,25.5725,0.7899,0.4129
002701.png,32.9852,0.8413,0.419
002702.png,34.418,0.8631,0.3925
002703.png,34.7067,0.8656,0.4036
002704.png,18.5627,0.7586,0.3846
002705.png,24.0369,0.8737,0.3116
002706.png,22.6404,0.8615,0.3243
002707.png,24.087,0.878,0.2985
002708.png,25.4944,0.6283,0.5188
002709.png,28.1064,0.771,0.422
002710.png,27.6312,0.7532,0.4377
002711.png,27.03,0.7133,0.4645
002712.png,31.1009,0.8347,0.3811
002713.png,20.5975,0.3983,0.7146
002714.png,21.019,0.3842,0.7297
002715.png,20.3969,0.3991,0.6945
002716.png,18.3088,0.707,0.417
002717.png,26.5653,0.8199,0.3441
002718.png,25.7909,0.7963,0.343
002719.png,25.815,0.8007,0.3297
002720.png,21.581,0.8277,0.324
002721.png,20.1531,0.7587,0.4208
002722.png,20.0357,0.7566,0.4381
002723.png,20.0628,0.7574,0.419
002724.png,27.7794,0.8826,0.3242
002725.png,32.0201,0.9035,0.287
002726.png,33.2277,0.9206,0.3153
002727.png,32.8993,0.9116,0.3117
002728.png,20.203,0.5935,0.4878
002729.png,33.6867,0.8901,0.4801
002730.png,34.3046,0.9103,0.4722
002731.png,32.7396,0.8936,0.5012
002732.png,26.9087,0.9091,0.2352
002733.png,29.0414,0.8224,0.342
002734.png,27.9741,0.7673,0.3643
002735.png,29.732,0.8415,0.3224
002736.png,28.4388,0.9112,0.2393
002737.png,27.6996,0.8751,0.3165
002738.png,26.2974,0.8531,0.3246
002739.png,26.5275,0.8612,0.3155
002740.png,29.4391,0.8072,0.4152
002741.png,20.2977,0.7052,0.4273
002742.png,21.0015,0.735,0.4009
002743.png,19.8488,0.6945,0.4381
002744.png,18.693,0.7333,0.3652
002745.png,30.7021,0.8625,0.4378
002746.png,30.2427,0.8573,0.4396
002747.png,30.389,0.85,0.4438
002748.png,30.038,0.8914,0.2886
002749.png,25.3845,0.7344,0.4065
002750.png,25.3939,0.7386,0.3948
002751.png,25.3397,0.733,0.406
002752.png,29.3424,0.8949,0.2764
002753.png,32.8832,0.9125,0.2781
002754.png,35.4267,0.9264,0.2634
002755.png,34.4752,0.9166,0.2648
002756.png,31.6148,0.7186,0.6208
002757.png,23.0712,0.3961,0.7337
002758.png,22.9122,0.3724,0.7491
002759.png,23.2176,0.4209,0.7056
002760.png,30.6093,0.8821,0.4637
002761.png,28.5108,0.8955,0.4422
002762.png,29.8197,0.8914,0.4763
002763.png,29.0693,0.8788,0.4612
002764.png,27.0842,0.7994,0.361
002765.png,34.234,0.796,0.5539
002766.png,32.9522,0.7567,0.5421
002767.png,33.1598,0.7738,0.5539
002768.png,29.7153,0.9073,0.4836
002769.png,24.4506,0.5186,0.5724
002770.png,26.1784,0.5747,0.5453
002771.png,24.9421,0.524,0.5764
002772.png,28.8301,0.9016,0.4451
002773.png,27.7806,0.8632,0.3552
002774.png,27.1342,0.8395,0.39
002775.png,26.9373,0.8506,0.3586
002776.png,19.2405,0.7104,0.4074
002777.png,23.2322,0.8187,0.3661
002778.png,22.4859,0.8176,0.3731
002779.png,22.2678,0.8207,0.3845
002780.png,26.1262,0.6697,0.4641
002781.png,23.7969,0.8327,0.3822
002782.png,23.9826,0.8356,0.3764
002783.png,23.7176,0.8293,0.3758
002784.png,27.7839,0.8126,0.3823
002785.png,25.9668,0.8411,0.3234
002786.png,25.8165,0.8429,0.3183
002787.png,26.167,0.8358,0.3356
002788.png,29.2508,0.6603,0.5045
002789.png,23.3992,0.6055,0.641
002790.png,23.1265,0.5949,0.6259
002791.png,22.829,0.5999,0.6569
002792.png,29.5364,0.8289,0.3917
002793.png,33.0806,0.8864,0.3743
002794.png,34.1138,0.8985,0.3551
002795.png,34.5127,0.9087,0.3762
002796.png,26.2439,0.8626,0.4166
002797.png,28.9886,0.5916,0.5917
002798.png,29.1391,0.5978,0.58
002799.png,28.8697,0.5841,0.6051
002800.png,21.357,0.7153,0.4492
002801.png,27.3718,0.6549,0.5618
002802.png,27.695,0.6648,0.5832
002803.png,26.9903,0.6484,0.594
002804.png,27.3494,0.8094,0.3806
002805.png,26.8935,0.4831,0.6907
002806.png,25.0696,0.4182,0.7262
002807.png,26.2612,0.463,0.6894
002808.png,23.9886,0.7801,0.3669
002809.png,30.4063,0.7315,0.4962
002810.png,30.1897,0.7433,0.4776
002811.png,29.6231,0.7439,0.4699
002812.png,29.5135,0.903,0.2465
002813.png,28.5922,0.8979,0.2905
002814.png,29.6074,0.9243,0.2429
002815.png,29.1702,0.9296,0.2151
002816.png,29.9571,0.8922,0.2989
002817.png,30.3603,0.7987,0.4046
002818.png,27.2823,0.7276,0.4864
002819.png,31.0781,0.8219,0.4047
002820.png,23.2453,0.7642,0.4917
002821.png,25.946,0.7395,0.4816
002822.png,25.3151,0.7208,0.4884
002823.png,25.2567,0.7354,0.4705
002824.png,24.7133,0.8234,0.3398
002825.png,23.2382,0.6334,0.5067
002826.png,23.2394,0.6218,0.5343
002827.png,23.054,0.6701,0.5131
002828.png,34.6414,0.9241,0.362
002829.png,30.5685,0.6803,0.5486
002830.png,30.1644,0.683,0.5369
002831.png,30.8719,0.6935,0.5427
002832.png,27.2809,0.8309,0.3176
002833.png,25.032,0.8787,0.2437
002834.png,23.901,0.8599,0.263
002835.png,25.0178,0.8796,0.2396
002836.png,32.0978,0.9439,0.2364
002837.png,33.2891,0.8922,0.3731
002838.png,34.9633,0.9218,0.3359
002839.png,34.0505,0.9115,0.3457
002840.png,26.2845,0.7647,0.4018
002841.png,30.1733,0.8934,0.4031
002842.png,30.3153,0.8914,0.4185
002843.png,28.5809,0.882,0.3934
002844.png,26.4444,0.6735,0.5216
002845.png,28.9405,0.7,0.3907
002846.png,28.6306,0.6921,0.4037
002847.png,30.7116,0.7143,0.3666
002848.png,30.3367,0.7687,0.5482
002849.png,34.641,0.9237,0.3548
002850.png,34.2818,0.9188,0.3565
002851.png,34.0685,0.9125,0.3647
002852.png,21.4359,0.6774,0.4285
002853.png,21.2375,0.8004,0.3365
002854.png,20.6987,0.7806,0.3435
002855.png,21.0517,0.7885,0.3713
002856.png,27.7581,0.826,0.4483
002857.png,36.0415,0.8847,0.4724
002858.png,33.902,0.8339,0.5189
002859.png,35.8049,0.8765,0.4939
002860.png,26.8409,0.8047,0.3762
002861.png,27.139,0.871,0.2944
002862.png,27.1539,0.8673,0.3261
002863.png,25.4567,0.8575,0.3283
002864.png,27.2526,0.8189,0.4065
002865.png,29.2252,0.837,0.3429
002866.png,29.2046,0.837,0.3369
002867.png,29.916,0.8513,0.3588
002868.png,26.1351,0.7837,0.4181
002869.png,33.7513,0.8377,0.4535
002870.png,33.5184,0.8265,0.4678
002871.png,32.818,0.8099,0.4681
002872.png,32.3706,0.8502,0.3629
002873.png,31.0754,0.7897,0.5106
002874.png,31.7818,0.8422,0.5059
002875.png,30.7997,0.8219,0.499
002876.png,27.3605,0.4652,0.7045
002877.png,25.9667,0.8429,0.3725
002878.png,26.0446,0.844,0.3857
002879.png,26.2849,0.859,0.3647
002880.png,33.9271,0.8874,0.4535
002881.png,30.0408,0.9107,0.2972
002882.png,29.1627,0.8823,0.3175
002883.png,29.7533,0.9074,0.2867
002884.png,26.853,0.7335,0.4309
002885.png,25.9495,0.8174,0.34
002886.png,27.6261,0.8291,0.3173
002887.png,27.4047,0.8151,0.3221
002888.png,27.3896,0.8121,0.4317
002889.png,29.9671,0.8329,0.4444
002890.png,30.6424,0.847,0.4361
002891.png,29.751,0.8242,0.4458
002892.png,25.0384,0.7788,0.3956
002893.png,31.0297,0.7548,0.472
002894.png,31.8433,0.7732,0.4586
002895.png,32.8517,0.8088,0.4252
002896.png,28.6348,0.8304,0.3581
002897.png,23.0544,0.7678,0.4005
002898.png,23.0225,0.7677,0.4083
002899.png,22.561,0.7449,0.4054
002900.png,23.7897,0.8629,0.2939
002901.png,21.9171,0.899,0.2568
002902.png,21.777,0.8989,0.2606
002903.png,21.8022,0.8981,0.2544
002904.png,28.9107,0.859,0.305
002905.png,27.3561,0.9172,0.2491
002906.png,28.0426,0.9236,0.2297
002907.png,28.3011,0.9268,0.2371
002908.png,23.217,0.784,0.4324
002909.png,29.9496,0.6947,0.481
002910.png,29.0396,0.6933,0.4684
002911.png,29.8803,0.6934,0.4676
002912.png,25.316,0.8647,0.3266
002913.png,36.088,0.918,0.3067
002914.png,38.389,0.9339,0.2884
002915.png,37.4891,0.9496,0.2679
002916.png,27.067,0.7498,0.3974
002917.png,27.2743,0.8184,0.3327
002918.png,27.5037,0.8382,0.3009
002919.png,27.8483,0.8253,0.3445
002920.png,19.6239,0.7649,0.3403
002921.png,28.9168,0.7944,0.4784
002922.png,28.4333,0.743,0.5333
002923.png,28.8146,0.7498,0.5229
002924.png,25.6216,0.6491,0.4729
002925.png,22.2674,0.3162,0.6651
002926.png,21.7802,0.3335,0.6293
002927.png,21.9169,0.3154,0.6697
002928.png,22.0176,0.7865,0.395
002929.png,22.0641,0.5996,0.4474
002930.png,21.881,0.5997,0.4527
002931.png,22.3977,0.5928,0.4406
002932.png,27.9331,0.8534,0.2925
002933.png,30.5559,0.8896,0.2968
002934.png,30.9035,0.8966,0.275
002935.png,31.3071,0.9005,0.2749
002936.png,31.6075,0.9063,0.2868
002937.png,27.4655,0.729,0.4393
002938.png,26.9824,0.7276,0.4353
002939.png,28.2621,0.7567,0.4023
002940.png,21.7203,0.795,0.4123
002941.png,27.1887,0.7069,0.5388
002942.png,26.8192,0.7187,0.5277
002943.png,26.7706,0.6972,0.5184
002944.png,23.2918,0.7512,0.4343
002945.png,24.1071,0.7874,0.3982
002946.png,24.148,0.799,0.3904
002947.png,23.7046,0.777,0.3935
002948.png,24.5117,0.8424,0.3382
002949.png,23.7346,0.4264,0.6548
002950.png,24.3813,0.429,0.683
002951.png,24.1517,0.4263,0.6677
002952.png,25.8757,0.8487,0.3287
002953.png,31.1764,0.9233,0.288
002954.png,29.0559,0.8798,0.3258
002955.png,30.269,0.9098,0.2873
002956.png,24.1409,0.5987,0.4752
002957.png,26.0089,0.7923,0.4463
002958.png,26.9787,0.7858,0.4604
002959.png,27.0369,0.7756,0.4803
002960.png,24.9904,0.8374,0.3254
002961.png,34.4744,0.9459,0.3182
002962.png,35.063,0.9495,0.3146
002963.png,32.238,0.937,0.2997
002964.png,28.0167,0.908,0.2217
002965.png,29.5345,0.8978,0.3259
002966.png,28.1483,0.8967,0.3196
002967.png,28.2699,0.902,0.3011
002968.png,23.8194,0.6217,0.5063
002969.png,33.9647,0.894,0.4684
002970.png,32.8842,0.8614,0.5068
002971.png,34.4266,0.8965,0.4696
002972.png,33.9595,0.7742,0.2245
002973.png,10.774,0.3409,0.6064
002974.png,10.7596,0.3365,0.5937
002975.png,10.736,0.3365,0.6083
002976.png,20.4607,0.7929,0.3857
002977.png,28.3437,0.7581,0.3533
002978.png,27.9799,0.7973,0.3462
002979.png,28.0014,0.7708,0.3511
002980.png,25.5126,0.6555,0.4492
002981.png,10.7678,0.3338,0.6024
002982.png,10.7437,0.3401,0.6022
002983.png,10.8012,0.341,0.6063
002984.png,26.0809,0.7791,0.3924
002985.png,26.2346,0.4805,0.6372
002986.png,26.8424,0.5031,0.6565
002987.png,26.3311,0.4699,0.6689
002988.png,26.6926,0.6262,0.5725
002989.png,27.3844,0.6697,0.5247
002990.png,27.1466,0.6747,0.5128
002991.png,27.1229,0.6798,0.4855
002992.png,20.4142,0.865,0.3132
002993.png,24.0291,0.8457,0.3327
002994.png,23.4574,0.829,0.3544
002995.png,23.659,0.8361,0.3439
002996.png,28.3754,0.8282,0.4124
002997.png,29.8372,0.7382,0.4928
002998.png,29.4664,0.725,0.4944
002999.png,30.9706,0.7784,0.5011
003000.png,25.1011,0.8635,0.251
003001.png,32.741,0.8555,0.5683
003002.png,33.4856,0.8441,0.5866
003003.png,32.0664,0.8222,0.5588
003004.png,25.6134,0.7975,0.2939
003005.png,24.468,0.8356,0.2909
003006.png,24.1794,0.8313,0.3085
003007.png,24.1864,0.8343,0.2967
003008.png,28.2094,0.8838,0.3274
003009.png,26.1306,0.5953,0.552
003010.png,26.2402,0.5896,0.5458
003011.png,24.127,0.5212,0.5957
003012.png,22.5796,0.6866,0.4657
003013.png,34.7409,0.9333,0.5384
003014.png,34.196,0.9136,0.5203
003015.png,34.6705,0.9252,0.5082
003016.png,22.597,0.8386,0.3629
003017.png,27.7732,0.5192,0.6602
003018.png,27.6329,0.5134,0.664
003019.png,27.5281,0.5134,0.6629
003020.png,27.6934,0.8678,0.3342
003021.png,24.4742,0.8726,0.2875
003022.png,24.6888,0.8743,0.2846
003023.png,24.6343,0.8818,0.2821
003024.png,30.3868,0.6891,0.6312
003025.png,29.4756,0.6729,0.5691
003026.png,29.7707,0.6842,0.5732
003027.png,28.4591,0.6442,0.5729
003028.png,22.9238,0.7024,0.4441
003029.png,24.0313,0.8282,0.2855
003030.png,24.0559,0.8327,0.2682
003031.png,24.0998,0.8305,0.2752
003032.png,24.5479,0.6339,0.528
003033.png,23.8022,0.6745,0.5268
003034.png,24.1932,0.6865,0.5206
003035.png,24.2625,0.669,0.522
003036.png,18.837,0.687,0.4348
003037.png,29.1709,0.9384,0.2058
003038.png,28.1847,0.927,0.2203
003039.png,28.7285,0.9355,0.2056
003040.png,28.2686,0.7903,0.3082
003041.png,26.4992,0.8638,0.2565
003042.png,26.1109,0.8538,0.2645
003043.png,25.9395,0.8644,0.2459
003044.png,20.6944,0.2962,0.6938
003045.png,29.7399,0.6151,0.6891
003046.png,30.3343,0.692,0.6228
003047.png,30.3849,0.6612,0.6741
003048.png,28.9522,0.8518,0.339
003049.png,34.9795,0.9321,0.4129
003050.png,34.9864,0.9212,0.4338
003051.png,35.0077,0.9047,0.4699
003052.png,27.1352,0.8647,0.3139
003053.png,29.1182,0.8316,0.3728
003054.png,29.3608,0.8369,0.3605
003055.png,29.5559,0.8361,0.3599
003056.png,23.5957,0.7519,0.4187
003057.png,30.1182,0.8356,0.4666
003058.png,28.3199,0.7366,0.5056
003059.png,29.5074,0.7788,0.5084
003060.png,21.4534,0.7994,0.3765
003061.png,29.4888,0.908,0.3164
003062.png,29.8918,0.9178,0.3003
003063.png,31.4014,0.9467,0.2301
003064.png,25.699,0.8413,0.3153
003065.png,28.3271,0.8949,0.3509
003066.png,26.5314,0.8864,0.3686
003067.png,29.7378,0.9062,0.3655
003068.png,26.9451,0.8678,0.3974
003069.png,22.0043,0.2764,0.7941
003070.png,23.1177,0.296,0.7905
003071.png,23.4289,0.3068,0.7878
003072.png,24.7798,0.8722,0.4387
003073.png,32.6444,0.8345,0.542
003074.png,34.62,0.88,0.559
003075.png,34.7003,0.8664,0.5807
003076.png,26.0226,0.8712,0.3
003077.png,29.2727,0.9055,0.3374
003078.png,29.2458,0.8774,0.363
003079.png,27.924,0.8816,0.3492
003080.png,29.499,0.889,0.3342
003081.png,29.0316,0.8365,0.4105
003082.png,28.2139,0.8128,0.4265
003083.png,27.7177,0.7836,0.4429
003084.png,21.6493,0.7861,0.3472
003085.png,28.8619,0.8563,0.2875
003086.png,28.0819,0.8589,0.3096
003087.png,26.8792,0.8484,0.3248
003088.png,23.7314,0.7872,0.4073
003089.png,26.1855,0.8535,0.3564
003090.png,26.4208,0.8476,0.3605
003091.png,25.8186,0.8383,0.3665
003092.png,27.5349,0.7075,0.4466
003093.png,23.9813,0.7215,0.4264
003094.png,24.8693,0.7746,0.4168
003095.png,24.8192,0.7724,0.4166
003096.png,24.3563,0.7753,0.3505
003097.png,25.5653,0.792,0.3391
003098.png,25.2145,0.801,0.3406
003099.png,25.4575,0.7876,0.3509
003100.png,24.4137,0.8141,0.2297
003101.png,22.1203,0.7282,0.4064
003102.png,21.7514,0.7194,0.3973
003103.png,22.6652,0.7369,0.4034
003104.png,35.8145,0.9264,0.23
003105.png,33.5466,0.929,0.2289
003106.png,37.0422,0.9202,0.1975
003107.png,34.4584,0.9361,0.2311
003108.png,28.6241,0.7949,0.4255
003109.png,29.182,0.8479,0.3397
003110.png,28.4916,0.8257,0.3804
003111.png,27.9602,0.8414,0.3464
003112.png,26.813,0.8364,0.4772
003113.png,24.9866,0.8491,0.2929
003114.png,25.4404,0.8506,0.2899
003115.png,25.7199,0.853,0.2733
003116.png,32.9383,0.7601,0.6143
003117.png,39.2277,0.9238,0.4715
003118.png,32.9195,0.9177,0.4607
003119.png,39.4424,0.9479,0.4485
003120.png,36.5723,0.9309,0.3791
003121.png,25.2971,0.6938,0.5111
003122.png,25.5666,0.6766,0.5609
003123.png,26.1627,0.6968,0.5645
003124.png,34.2726,0.9288,0.3582
003125.png,35.386,0.9062,0.4272
003126.png,35.8768,0.9188,0.3883
003127.png,35.8506,0.917,0.4144
003128.png,24.2745,0.8626,0.356
003129.png,30.5545,0.6393,0.6052
003130.png,29.233,0.607,0.5968
003131.png,29.6194,0.6511,0.5606
003132.png,22.8016,0.7335,0.444
003133.png,29.1908,0.8616,0.3639
003134.png,28.384,0.8586,0.3653
003135.png,29.3779,0.8705,0.3635
003136.png,23.0685,0.7633,0.3543
003137.png,24.785,0.7796,0.2609
003138.png,24.1207,0.7783,0.2762
003139.png,24.0923,0.7972,0.2849
003140.png,26.6653,0.8697,0.3091
003141.png,34.5549,0.8384,0.4729
003142.png,36.2189,0.8758,0.4315
003143.png,34.8083,0.8576,0.4683
003144.png,31.4434,0.8776,0.4328
003145.png,23.7111,0.7889,0.3982
003146.png,23.84,0.7916,0.3921
003147.png,24.0798,0.7991,0.3943
003148.png,29.3992,0.8894,0.3582
003149.png,30.6946,0.8665,0.3477
003150.png,31.2051,0.8639,0.3469
003151.png,30.7026,0.8698,0.3167
003152.png,25.7216,0.9023,0.2344
003153.png,29.5322,0.9338,0.2491
003154.png,29.5241,0.9324,0.2492
003155.png,28.5731,0.9133,0.2762
003156.png,22.2749,0.7273,0.4318
003157.png,27.4427,0.4746,0.6853
003158.png,27.1525,0.471,0.6776
003159.png,28.0657,0.4948,0.7104
003160.png,25.8509,0.8175,0.3844
003161.png,26.2691,0.8491,0.3959
003162.png,23.3622,0.8211,0.3707
003163.png,24.0656,0.8115,0.41
003164.png,23.3993,0.9146,0.2159
003165.png,29.0109,0.9103,0.3258
003166.png,27.8831,0.8918,0.3677
003167.png,28.7745,0.9181,0.316
003168.png,30.233,0.7824,0.4082
003169.png,31.7506,0.8306,0.3353
003170.png,30.4845,0.8203,0.3626
003171.png,30.8644,0.8315,0.3528
003172.png,30.1983,0.777,0.4566
003173.png,29.6035,0.8972,0.4417
003174.png,28.9815,0.8594,0.4838
003175.png,29.7505,0.8591,0.4935
003176.png,26.2584,0.7796,0.3552
003177.png,22.3417,0.7824,0.3994
003178.png,22.2213,0.7786,0.4008
003179.png,21.7741,0.7766,0.4058
003180.png,33.5336,0.9058,0.403
003181.png,24.9358,0.3991,0.7056
003182.png,25.2008,0.401,0.712
003183.png,25.5325,0.3998,0.7499
003184.png,22.3524,0.8697,0.3345
003185.png,25.0079,0.8815,0.2891
003186.png,25.1654,0.8738,0.2934
003187.png,25.1825,0.8701,0.2859
003188.png,31.3584,0.7511,0.5766
003189.png,23.3975,0.3628,0.7115
003190.png,23.1299,0.3506,0.7491
003191.png,23.1749,0.3581,0.7294
003192.png,32.0191,0.9391,0.2552
003193.png,27.6945,0.898,0.2875
003194.png,27.0,0.8815,0.3191
003195.png,27.4757,0.8875,0.2897
003196.png,26.1476,0.8228,0.3275
003197.png,25.7173,0.8241,0.2243
003198.png,25.287,0.8118,0.2579
003199.png,25.9319,0.8434,0.2438
AVERAGE,27.6687,0.7869,0.4111
